,_Û,ÓÕFÓå,ÄÎÄVÄI¥»¥,1,2,3,4,5,6,7,8,9,10,11,12,23,24,25,16,17,18,26,27,28,22,,,,,,
Ò¥t,,,,2018/04/04,2018/04/04,2018/04/04,2018/04/04,2018/04/04,2018/04/04,2018/04/04,2018/04/04,2018/04/04,2018/04/04,2018/04/04,2018/04/04,2018/04/04,2018/04/04,2018/04/04,2018/04/04,2018/04/04,2018/04/04,2018/04/04,2018/04/04,2018/04/04,2018/04/04,,,,,,
___ï,,,,08:35.8,09:15.8,09:47.3,09:58.3,10:53.3,11:06.7,11:17.4,11:50.3,12:01.2,12:11.5,13:05.1,13:16.4,32:16.4,32:31.5,32:48.1,14:07.7,15:03.2,15:13.3,33:05.1,34:00.7,34:12.3,30:42.9,,,,,,
Îoä§___ï,,,,,,,,,,,,,,,,,,,,,,,,,,,,,,,
ÄÄâ,,,,color1,,,color2,,,colo3,,,color4,,,color5_again,,,color6,,,color7_again,,,white,,,,,,
ÎvÔ»_¥_,,,,Off,Off,Off,Off,Off,Off,Off,Off,Off,Off,Off,Off,Off,Off,Off,Off,Off,Off,Off,Off,Off,Off,,,,,,
PC¥_,,,,Off,Off,Off,Off,Off,Off,Off,Off,Off,Off,Off,Off,Off,Off,Off,Off,Off,Off,Off,Off,Off,Off,,,,,,
®Òx¥_,,,,Off,Off,Off,Off,Off,Off,Off,Off,Off,Off,Off,Off,Off,Off,Off,Off,Off,Off,Off,Off,Off,Off,,,,,,
ÔSÎÔ©¥_,,,,Off,Off,Off,Off,Off,Off,Off,Off,Off,Off,Off,Off,Off,Off,Off,Off,Off,Off,Off,Off,Off,Off,,,,,,
__ÎnÑ,,,,,,,,,,,,,,,,,,,,,,,,,,,,,,,
Ô»Õ_p,,,,2,2,2,2,2,2,2,2,2,2,2,2,2,2,2,2,2,2,2,2,2,2,,,,,,
ì¥»___ï,,,,5175,130,60,10600,250,110,5315,110,50,10475,300,105,940,310,290,1935,60,50,8685,195,90,50,,,,,,
R,,,,2.36E-03,8.92E-02,1.76E-01,1.54E-03,5.91E-02,1.47E-01,1.99E-03,8.98E-02,1.80E-01,1.90E-03,7.00E-02,1.60E-01,5.03E-03,1.67E-01,2.34E-01,3.52E-03,1.32E-01,2.14E-01,2.36E-03,9.50E-02,1.88E-01,2.71E-01,,,,,,
L,,,,5.71E-01,2.60E+01,5.11E+01,4.52E-01,2.58E+01,5.34E+01,5.00E-01,2.73E+01,5.35E+01,5.39E-01,2.56E+01,5.28E+01,5.00E-01,2.88E+01,5.43E+01,5.18E-01,2.67E+01,5.26E+01,4.65E-01,2.34E+01,5.05E+01,7.86E+01,,,,,,
X,,,,5.53E-01,2.44E+01,4.82E+01,3.22E-01,1.61E+01,4.02E+01,4.08E-01,2.23E+01,4.72E+01,4.68E-01,2.13E+01,4.65E+01,9.30E-01,3.73E+01,5.84E+01,8.79E-01,3.62E+01,5.86E+01,7.28E-01,3.41E+01,6.00E+01,7.42E+01,,,,,,
Y,,,,5.71E-01,2.60E+01,5.11E+01,4.52E-01,2.58E+01,5.34E+01,5.00E-01,2.73E+01,5.35E+01,5.39E-01,2.56E+01,5.28E+01,5.00E-01,2.88E+01,5.43E+01,5.18E-01,2.67E+01,5.26E+01,4.65E-01,2.34E+01,5.05E+01,7.86E+01,,,,,,
Z,,,,8.61E-01,3.36E+01,6.68E+01,4.17E-01,1.11E+01,4.14E+01,8.35E-01,4.02E+01,7.46E+01,4.23E-01,1.20E+01,4.36E+01,4.22E+00,1.18E+02,1.28E+02,1.79E+00,6.57E+01,9.43E+01,3.92E-01,1.33E+01,4.78E+01,1.03E+02,,,,,,
x,,,,0.2788,0.2907,0.29,0.2705,0.3042,0.2975,0.2342,0.2484,0.269,0.3272,0.3621,0.3256,0.1646,0.2028,0.243,0.2758,0.2816,0.2852,0.4593,0.4815,0.3791,0.2896,,,,,,
y,,,,0.2875,0.3096,0.3077,0.3795,0.4868,0.3957,0.2867,0.3041,0.3054,0.3771,0.4346,0.3693,0.0884,0.1565,0.2261,0.1626,0.2074,0.256,0.2934,0.3313,0.3188,0.307,,,,,,
u',,,,0.1893,0.1896,0.1898,0.1543,0.1478,0.1664,0.1568,0.1615,0.1756,0.1905,0.1934,0.1921,0.1764,0.1814,0.1859,0.2507,0.2286,0.2073,0.328,0.3203,0.25,0.1897,,,,,,
v',,,,0.4391,0.4542,0.453,0.487,0.5321,0.4978,0.4321,0.4448,0.4486,0.4939,0.5221,0.4902,0.2133,0.3149,0.3893,0.3326,0.379,0.4188,0.4713,0.4959,0.4729,0.4526,,,,,,
FäáÒx,,,,10264,8228,8334,8027,6176,6723,18195,12764,10285,5698,4766,5764,,,,,,12174,1765,1843,3478,8385,,,,,,
¥ëá,,,,0.000681,0.005089,0.004514,0.046555,0.068778,0.040234,0.029098,0.02766,0.01579,0.019526,0.030548,0.016702,0,0,0,0,-0.05162,-0.021299,-0.046112,-0.029454,-0.029288,0.004409,,,,,,
_ÓgÕá,,,,479.7855,484.1958,483.6869,501.4608,543.8712,516.8354,485.431,487.1754,485.9538,547.0479,564.7168,542.3114,466.095,469.0017,473.1632,-566.1651,-568.0068,459.9039,-495.793,611.7723,-495.8038,483.5455,,,,,,
_hÎÄÄÒx,,,,0.226,0.1636,0.1678,0.1917,0.3857,0.1269,0.3719,0.3089,0.2392,0.1157,0.392,0.0884,0.8435,0.6317,0.4145,0.5662,0.4004,0.2544,0.3871,0.4384,0.1408,0.1698,,,,,,
380(nm),,,,1.39E-07,5.48E-06,1.09E-05,9.96E-08,4.72E-06,1.08E-05,1.29E-07,6.73E-06,1.30E-05,1.07E-07,4.23E-06,9.89E-06,3.00E-07,1.18E-05,1.64E-05,1.53E-07,6.19E-06,1.25E-05,7.23E-08,2.88E-06,8.43E-06,1.70E-05,,,,,,
381(nm),,,,1.36E-07,5.46E-06,9.82E-06,8.48E-08,4.12E-06,9.20E-06,1.25E-07,5.74E-06,1.12E-05,9.58E-08,3.75E-06,9.20E-06,2.96E-07,1.05E-05,1.18E-05,1.23E-07,6.41E-06,1.25E-05,6.00E-08,2.54E-06,7.51E-06,1.50E-05,,,,,,
382(nm),,,,1.07E-07,4.82E-06,9.55E-06,8.34E-08,3.48E-06,8.38E-06,1.05E-07,5.53E-06,1.02E-05,8.12E-08,3.40E-06,7.90E-06,2.99E-07,9.50E-06,1.31E-05,1.40E-07,5.90E-06,1.04E-05,6.00E-08,2.36E-06,6.80E-06,1.42E-05,,,,,,
383(nm),,,,9.98E-08,4.20E-06,8.36E-06,7.41E-08,3.19E-06,7.36E-06,1.05E-07,4.77E-06,9.13E-06,7.84E-08,3.04E-06,7.07E-06,2.62E-07,8.86E-06,1.17E-05,1.35E-07,5.74E-06,8.73E-06,5.22E-08,2.18E-06,6.54E-06,1.23E-05,,,,,,
384(nm),,,,9.42E-08,3.96E-06,7.39E-06,6.41E-08,2.92E-06,6.75E-06,9.14E-08,4.83E-06,8.05E-06,6.74E-08,2.80E-06,6.64E-06,2.33E-07,7.63E-06,1.16E-05,1.21E-07,4.93E-06,8.62E-06,4.14E-08,1.92E-06,5.86E-06,1.15E-05,,,,,,
385(nm),,,,8.86E-08,3.58E-06,6.50E-06,6.41E-08,2.50E-06,6.40E-06,8.61E-08,4.06E-06,7.91E-06,5.81E-08,2.48E-06,5.88E-06,2.38E-07,8.09E-06,9.82E-06,1.21E-07,4.87E-06,8.14E-06,3.44E-08,1.70E-06,5.28E-06,1.07E-05,,,,,,
386(nm),,,,8.54E-08,3.53E-06,6.40E-06,5.47E-08,2.41E-06,5.62E-06,7.64E-08,3.70E-06,7.25E-06,6.02E-08,2.31E-06,5.29E-06,2.34E-07,7.33E-06,8.89E-06,1.00E-07,4.40E-06,7.49E-06,3.77E-08,1.62E-06,4.86E-06,9.97E-06,,,,,,
387(nm),,,,7.82E-08,3.08E-06,6.06E-06,5.36E-08,2.25E-06,5.28E-06,7.33E-08,3.35E-06,6.57E-06,5.54E-08,2.15E-06,5.08E-06,2.04E-07,6.07E-06,8.98E-06,9.25E-08,4.21E-06,6.96E-06,3.75E-08,1.43E-06,4.58E-06,9.57E-06,,,,,,
388(nm),,,,6.88E-08,2.79E-06,5.48E-06,4.76E-08,2.10E-06,4.84E-06,6.52E-08,3.11E-06,6.22E-06,5.22E-08,1.92E-06,4.82E-06,1.76E-07,5.67E-06,8.62E-06,9.94E-08,3.86E-06,6.54E-06,3.56E-08,1.42E-06,4.19E-06,8.95E-06,,,,,,
389(nm),,,,6.71E-08,2.55E-06,5.02E-06,4.39E-08,1.88E-06,4.51E-06,6.44E-08,2.89E-06,5.77E-06,4.89E-08,1.81E-06,4.36E-06,2.06E-07,5.78E-06,7.21E-06,8.79E-08,3.94E-06,5.94E-06,3.08E-08,1.33E-06,3.86E-06,7.57E-06,,,,,,
390(nm),,,,6.29E-08,2.31E-06,4.99E-06,4.37E-08,1.91E-06,4.07E-06,6.15E-08,2.74E-06,5.83E-06,4.57E-08,1.74E-06,4.02E-06,1.85E-07,5.86E-06,7.09E-06,9.01E-08,3.26E-06,5.86E-06,3.24E-08,1.30E-06,3.77E-06,7.64E-06,,,,,,
391(nm),,,,6.11E-08,2.40E-06,4.62E-06,3.97E-08,1.70E-06,3.77E-06,5.59E-08,2.76E-06,5.20E-06,4.25E-08,1.58E-06,3.74E-06,1.72E-07,5.01E-06,6.85E-06,7.67E-08,3.13E-06,5.35E-06,3.10E-08,1.24E-06,3.57E-06,7.16E-06,,,,,,
392(nm),,,,5.63E-08,2.28E-06,4.31E-06,3.75E-08,1.57E-06,3.79E-06,4.86E-08,2.64E-06,4.93E-06,4.05E-08,1.50E-06,3.62E-06,1.47E-07,4.31E-06,6.66E-06,8.35E-08,3.20E-06,5.12E-06,2.98E-08,1.17E-06,3.34E-06,6.59E-06,,,,,,
393(nm),,,,5.16E-08,2.09E-06,3.95E-06,3.81E-08,1.40E-06,3.53E-06,4.99E-08,2.35E-06,5.23E-06,3.94E-08,1.36E-06,3.59E-06,1.76E-07,4.57E-06,6.04E-06,8.40E-08,2.59E-06,4.94E-06,2.87E-08,1.04E-06,3.43E-06,6.23E-06,,,,,,
394(nm),,,,5.32E-08,2.15E-06,3.88E-06,3.54E-08,1.34E-06,3.27E-06,5.07E-08,2.33E-06,4.42E-06,3.71E-08,1.31E-06,3.39E-06,1.63E-07,4.92E-06,5.66E-06,6.52E-08,2.80E-06,5.04E-06,2.79E-08,1.10E-06,3.06E-06,6.35E-06,,,,,,
395(nm),,,,4.96E-08,1.89E-06,3.84E-06,3.28E-08,1.29E-06,3.22E-06,4.91E-08,2.08E-06,4.33E-06,3.64E-08,1.23E-06,3.17E-06,1.53E-07,4.25E-06,5.50E-06,6.35E-08,2.83E-06,4.49E-06,2.51E-08,9.95E-07,3.00E-06,5.98E-06,,,,,,
396(nm),,,,4.86E-08,2.01E-06,3.83E-06,3.32E-08,1.24E-06,3.01E-06,4.71E-08,2.11E-06,4.01E-06,3.56E-08,1.15E-06,3.00E-06,1.49E-07,4.51E-06,5.53E-06,6.75E-08,2.93E-06,4.45E-06,2.76E-08,9.83E-07,2.80E-06,5.60E-06,,,,,,
397(nm),,,,4.51E-08,2.08E-06,3.80E-06,2.92E-08,1.25E-06,2.85E-06,4.46E-08,2.12E-06,3.90E-06,3.37E-08,1.18E-06,2.85E-06,1.46E-07,4.09E-06,5.23E-06,6.00E-08,2.87E-06,4.46E-06,2.56E-08,9.28E-07,2.64E-06,5.50E-06,,,,,,
398(nm),,,,4.62E-08,1.77E-06,3.73E-06,2.99E-08,1.15E-06,2.83E-06,4.50E-08,2.05E-06,4.08E-06,3.03E-08,1.08E-06,2.74E-06,1.50E-07,4.07E-06,5.48E-06,7.27E-08,2.66E-06,4.55E-06,2.30E-08,8.67E-07,2.80E-06,5.57E-06,,,,,,
399(nm),,,,4.72E-08,1.60E-06,3.41E-06,2.84E-08,1.05E-06,2.70E-06,4.08E-08,2.01E-06,4.02E-06,3.30E-08,1.08E-06,2.87E-06,1.43E-07,4.45E-06,5.03E-06,6.91E-08,2.65E-06,4.36E-06,2.47E-08,8.10E-07,2.65E-06,5.67E-06,,,,,,
400(nm),,,,4.18E-08,1.72E-06,3.50E-06,2.63E-08,1.03E-06,2.67E-06,4.36E-08,1.98E-06,3.60E-06,2.98E-08,1.01E-06,2.61E-06,1.42E-07,4.60E-06,5.33E-06,7.10E-08,2.93E-06,4.20E-06,2.31E-08,8.95E-07,2.63E-06,5.40E-06,,,,,,
401(nm),,,,4.78E-08,1.74E-06,3.31E-06,2.91E-08,1.04E-06,2.59E-06,4.31E-08,2.08E-06,3.57E-06,2.92E-08,1.00E-06,2.72E-06,1.47E-07,4.64E-06,5.07E-06,7.20E-08,2.87E-06,4.18E-06,2.62E-08,9.64E-07,2.62E-06,5.21E-06,,,,,,
402(nm),,,,4.49E-08,1.71E-06,3.51E-06,2.71E-08,9.95E-07,2.80E-06,4.45E-08,1.96E-06,3.82E-06,3.14E-08,9.80E-07,2.64E-06,1.45E-07,4.37E-06,5.78E-06,6.09E-08,2.79E-06,4.26E-06,2.30E-08,8.97E-07,2.63E-06,5.31E-06,,,,,,
403(nm),,,,4.79E-08,1.73E-06,3.48E-06,3.00E-08,9.87E-07,2.59E-06,4.45E-08,2.05E-06,3.76E-06,3.05E-08,9.94E-07,2.68E-06,1.54E-07,4.73E-06,4.97E-06,7.12E-08,2.87E-06,4.54E-06,2.75E-08,8.93E-07,2.64E-06,5.31E-06,,,,,,
404(nm),,,,5.07E-08,1.85E-06,3.79E-06,3.15E-08,9.95E-07,2.68E-06,4.65E-08,2.03E-06,3.96E-06,3.06E-08,1.03E-06,2.72E-06,1.67E-07,5.10E-06,5.77E-06,8.25E-08,3.03E-06,4.70E-06,2.85E-08,9.40E-07,2.71E-06,5.43E-06,,,,,,
405(nm),,,,5.33E-08,2.03E-06,3.85E-06,3.33E-08,1.02E-06,2.78E-06,5.12E-08,2.10E-06,4.33E-06,3.48E-08,1.03E-06,2.84E-06,1.82E-07,5.48E-06,6.15E-06,9.08E-08,3.34E-06,4.95E-06,2.97E-08,1.00E-06,3.05E-06,5.72E-06,,,,,,
406(nm),,,,5.99E-08,2.00E-06,4.06E-06,3.36E-08,9.62E-07,2.89E-06,5.09E-08,2.45E-06,4.66E-06,3.71E-08,1.07E-06,2.98E-06,2.13E-07,5.61E-06,6.79E-06,1.05E-07,3.63E-06,5.48E-06,3.59E-08,1.11E-06,3.19E-06,6.59E-06,,,,,,
407(nm),,,,6.48E-08,2.23E-06,4.47E-06,3.66E-08,1.05E-06,3.25E-06,6.35E-08,2.56E-06,4.72E-06,4.04E-08,1.12E-06,3.20E-06,2.20E-07,6.77E-06,7.28E-06,1.16E-07,3.76E-06,6.07E-06,3.92E-08,1.23E-06,3.63E-06,7.03E-06,,,,,,
408(nm),,,,7.43E-08,2.38E-06,4.99E-06,4.44E-08,1.10E-06,3.46E-06,7.14E-08,2.84E-06,5.38E-06,4.65E-08,1.19E-06,3.67E-06,2.53E-07,7.89E-06,8.91E-06,1.35E-07,4.44E-06,6.80E-06,4.44E-08,1.28E-06,4.02E-06,7.80E-06,,,,,,
409(nm),,,,8.26E-08,2.75E-06,5.76E-06,4.80E-08,1.16E-06,3.72E-06,7.66E-08,3.23E-06,6.12E-06,5.02E-08,1.30E-06,4.03E-06,3.20E-07,8.90E-06,1.00E-05,1.52E-07,5.17E-06,7.66E-06,5.15E-08,1.52E-06,4.44E-06,8.58E-06,,,,,,
410(nm),,,,9.66E-08,3.33E-06,6.44E-06,5.39E-08,1.27E-06,4.24E-06,8.92E-08,3.80E-06,6.85E-06,5.68E-08,1.41E-06,4.45E-06,3.77E-07,1.02E-05,1.15E-05,1.79E-07,6.29E-06,8.85E-06,6.03E-08,1.80E-06,5.05E-06,1.01E-05,,,,,,
411(nm),,,,1.19E-07,3.66E-06,7.46E-06,6.51E-08,1.39E-06,4.82E-06,1.07E-07,4.29E-06,8.10E-06,6.64E-08,1.58E-06,5.12E-06,4.39E-07,1.23E-05,1.33E-05,2.09E-07,7.08E-06,1.04E-05,7.22E-08,2.02E-06,5.86E-06,1.15E-05,,,,,,
412(nm),,,,1.32E-07,4.43E-06,8.85E-06,7.41E-08,1.56E-06,5.59E-06,1.25E-07,5.26E-06,9.80E-06,7.87E-08,1.80E-06,5.98E-06,5.38E-07,1.45E-05,1.57E-05,2.47E-07,8.55E-06,1.24E-05,8.69E-08,2.32E-06,7.03E-06,1.37E-05,,,,,,
413(nm),,,,1.55E-07,5.20E-06,1.06E-05,8.70E-08,1.76E-06,6.52E-06,1.50E-07,6.14E-06,1.14E-05,9.55E-08,2.05E-06,7.03E-06,6.38E-07,1.74E-05,1.88E-05,3.04E-07,1.06E-05,1.47E-05,9.92E-08,2.77E-06,8.39E-06,1.61E-05,,,,,,
414(nm),,,,1.90E-07,6.18E-06,1.24E-05,1.04E-07,1.98E-06,7.50E-06,1.73E-07,7.13E-06,1.35E-05,1.12E-07,2.41E-06,8.33E-06,7.85E-07,2.10E-05,2.25E-05,3.63E-07,1.24E-05,1.73E-05,1.20E-07,3.26E-06,9.78E-06,1.91E-05,,,,,,
415(nm),,,,2.21E-07,7.44E-06,1.48E-05,1.24E-07,2.32E-06,8.91E-06,2.12E-07,8.61E-06,1.61E-05,1.28E-07,2.75E-06,9.76E-06,9.40E-07,2.45E-05,2.70E-05,4.45E-07,1.44E-05,2.11E-05,1.38E-07,3.89E-06,1.14E-05,2.26E-05,,,,,,
416(nm),,,,2.68E-07,8.76E-06,1.74E-05,1.46E-07,2.67E-06,1.05E-05,2.51E-07,1.03E-05,1.93E-05,1.54E-07,3.28E-06,1.15E-05,1.12E-06,3.00E-05,3.28E-05,5.28E-07,1.76E-05,2.50E-05,1.70E-07,4.54E-06,1.36E-05,2.66E-05,,,,,,
417(nm),,,,3.21E-07,1.06E-05,2.08E-05,1.75E-07,3.13E-06,1.27E-05,3.04E-07,1.23E-05,2.32E-05,1.80E-07,3.83E-06,1.38E-05,1.37E-06,3.68E-05,4.01E-05,6.26E-07,2.10E-05,3.04E-05,1.99E-07,5.35E-06,1.64E-05,3.26E-05,,,,,,
418(nm),,,,3.85E-07,1.26E-05,2.54E-05,2.07E-07,3.64E-06,1.50E-05,3.60E-07,1.48E-05,2.78E-05,2.18E-07,4.53E-06,1.65E-05,1.65E-06,4.49E-05,4.80E-05,7.56E-07,2.59E-05,3.64E-05,2.36E-07,6.38E-06,1.94E-05,3.94E-05,,,,,,
419(nm),,,,4.54E-07,1.53E-05,3.02E-05,2.49E-07,4.33E-06,1.78E-05,4.29E-07,1.78E-05,3.35E-05,2.55E-07,5.31E-06,1.97E-05,1.99E-06,5.30E-05,5.85E-05,8.98E-07,3.09E-05,4.37E-05,2.81E-07,7.52E-06,2.34E-05,4.72E-05,,,,,,
420(nm),,,,5.55E-07,1.85E-05,3.64E-05,2.98E-07,5.11E-06,2.15E-05,5.22E-07,2.17E-05,4.11E-05,3.07E-07,6.30E-06,2.36E-05,2.43E-06,6.57E-05,6.96E-05,1.08E-06,3.70E-05,5.29E-05,3.31E-07,9.10E-06,2.82E-05,5.67E-05,,,,,,
421(nm),,,,6.63E-07,2.23E-05,4.44E-05,3.53E-07,6.18E-06,2.61E-05,6.32E-07,2.63E-05,4.94E-05,3.65E-07,7.56E-06,2.85E-05,2.94E-06,7.92E-05,8.49E-05,1.33E-06,4.54E-05,6.37E-05,3.93E-07,1.07E-05,3.38E-05,6.84E-05,,,,,,
422(nm),,,,7.93E-07,2.70E-05,5.36E-05,4.18E-07,7.43E-06,3.14E-05,7.59E-07,3.18E-05,5.93E-05,4.36E-07,9.07E-06,3.41E-05,3.55E-06,9.56E-05,1.03E-04,1.61E-06,5.51E-05,7.65E-05,4.69E-07,1.27E-05,4.05E-05,8.22E-05,,,,,,
423(nm),,,,9.39E-07,3.23E-05,6.39E-05,4.95E-07,8.73E-06,3.71E-05,9.08E-07,3.79E-05,7.07E-05,5.13E-07,1.07E-05,4.08E-05,4.29E-06,1.15E-04,1.24E-04,1.92E-06,6.58E-05,9.16E-05,5.50E-07,1.49E-05,4.81E-05,9.88E-05,,,,,,
424(nm),,,,1.13E-06,3.84E-05,7.65E-05,5.84E-07,1.04E-05,4.47E-05,1.08E-06,4.55E-05,8.49E-05,6.04E-07,1.27E-05,4.87E-05,5.13E-06,1.38E-04,1.48E-04,2.29E-06,7.90E-05,1.10E-04,6.48E-07,1.75E-05,5.69E-05,1.18E-04,,,,,,
425(nm),,,,1.33E-06,4.58E-05,9.09E-05,6.90E-07,1.23E-05,5.27E-05,1.28E-06,5.41E-05,1.01E-04,7.12E-07,1.50E-05,5.78E-05,6.10E-06,1.65E-04,1.75E-04,2.72E-06,9.33E-05,1.32E-04,7.58E-07,2.08E-05,6.78E-05,1.41E-04,,,,,,
426(nm),,,,1.57E-06,5.43E-05,1.07E-04,8.06E-07,1.45E-05,6.25E-05,1.50E-06,6.38E-05,1.20E-04,8.28E-07,1.76E-05,6.79E-05,7.25E-06,1.96E-04,2.09E-04,3.22E-06,1.11E-04,1.56E-04,8.85E-07,2.44E-05,8.01E-05,1.66E-04,,,,,,
427(nm),,,,1.85E-06,6.39E-05,1.27E-04,9.33E-07,1.71E-05,7.36E-05,1.77E-06,7.51E-05,1.41E-04,9.65E-07,2.06E-05,7.99E-05,8.57E-06,2.31E-04,2.46E-04,3.78E-06,1.30E-04,1.83E-04,1.02E-06,2.84E-05,9.36E-05,1.96E-04,,,,,,
428(nm),,,,2.15E-06,7.52E-05,1.49E-04,1.10E-06,1.98E-05,8.65E-05,2.07E-06,8.94E-05,1.66E-04,1.13E-06,2.42E-05,9.45E-05,1.01E-05,2.73E-04,2.92E-04,4.44E-06,1.55E-04,2.15E-04,1.19E-06,3.30E-05,1.10E-04,2.30E-04,,,,,,
429(nm),,,,2.52E-06,8.82E-05,1.76E-04,1.28E-06,2.36E-05,1.02E-04,2.43E-06,1.05E-04,1.96E-04,1.31E-06,2.83E-05,1.11E-04,1.19E-05,3.21E-04,3.43E-04,5.22E-06,1.81E-04,2.54E-04,1.38E-06,3.84E-05,1.29E-04,2.71E-04,,,,,,
430(nm),,,,2.95E-06,1.04E-04,2.07E-04,1.48E-06,2.76E-05,1.20E-04,2.83E-06,1.24E-04,2.30E-04,1.52E-06,3.31E-05,1.30E-04,1.39E-05,3.79E-04,4.03E-04,6.13E-06,2.13E-04,2.99E-04,1.59E-06,4.49E-05,1.51E-04,3.19E-04,,,,,,
431(nm),,,,3.44E-06,1.21E-04,2.42E-04,1.72E-06,3.23E-05,1.40E-04,3.30E-06,1.45E-04,2.70E-04,1.75E-06,3.87E-05,1.52E-04,1.64E-05,4.43E-04,4.72E-04,7.12E-06,2.50E-04,3.50E-04,1.84E-06,5.21E-05,1.78E-04,3.74E-04,,,,,,
432(nm),,,,3.97E-06,1.42E-04,2.83E-04,1.97E-06,3.77E-05,1.62E-04,3.81E-06,1.70E-04,3.15E-04,2.01E-06,4.50E-05,1.78E-04,1.91E-05,5.19E-04,5.52E-04,8.32E-06,2.92E-04,4.09E-04,2.10E-06,6.03E-05,2.06E-04,4.36E-04,,,,,,
433(nm),,,,4.61E-06,1.65E-04,3.30E-04,2.28E-06,4.41E-05,1.91E-04,4.45E-06,1.97E-04,3.68E-04,2.33E-06,5.25E-05,2.07E-04,2.22E-05,6.05E-04,6.45E-04,9.67E-06,3.39E-04,4.76E-04,2.42E-06,7.00E-05,2.40E-04,5.09E-04,,,,,,
434(nm),,,,5.33E-06,1.92E-04,3.83E-04,2.63E-06,5.13E-05,2.21E-04,5.14E-06,2.29E-04,4.27E-04,2.67E-06,6.06E-05,2.40E-04,2.58E-05,7.04E-04,7.49E-04,1.12E-05,3.95E-04,5.53E-04,2.77E-06,8.04E-05,2.78E-04,5.92E-04,,,,,,
435(nm),,,,6.12E-06,2.22E-04,4.43E-04,3.00E-06,5.91E-05,2.56E-04,5.90E-06,2.64E-04,4.93E-04,3.05E-06,6.99E-05,2.77E-04,2.98E-05,8.12E-04,8.64E-04,1.29E-05,4.55E-04,6.39E-04,3.14E-06,9.24E-05,3.21E-04,6.83E-04,,,,,,
436(nm),,,,6.97E-06,2.55E-04,5.07E-04,3.41E-06,6.83E-05,2.95E-04,6.76E-06,3.03E-04,5.67E-04,3.47E-06,8.04E-05,3.20E-04,3.43E-05,9.38E-04,9.97E-04,1.48E-05,5.22E-04,7.35E-04,3.57E-06,1.05E-04,3.68E-04,7.84E-04,,,,,,
437(nm),,,,8.02E-06,2.92E-04,5.85E-04,3.88E-06,7.82E-05,3.38E-04,7.73E-06,3.50E-04,6.52E-04,3.95E-06,9.20E-05,3.66E-04,3.93E-05,1.08E-03,1.14E-03,1.70E-05,5.99E-04,8.42E-04,4.05E-06,1.21E-04,4.21E-04,9.03E-04,,,,,,
438(nm),,,,9.12E-06,3.34E-04,6.66E-04,4.41E-06,8.98E-05,3.87E-04,8.79E-06,4.00E-04,7.46E-04,4.47E-06,1.05E-04,4.18E-04,4.49E-05,1.23E-03,1.31E-03,1.94E-05,6.85E-04,9.67E-04,4.56E-06,1.37E-04,4.83E-04,1.04E-03,,,,,,
439(nm),,,,1.04E-05,3.83E-04,7.62E-04,4.99E-06,1.03E-04,4.42E-04,1.00E-05,4.58E-04,8.53E-04,5.07E-06,1.20E-04,4.78E-04,5.13E-05,1.41E-03,1.50E-03,2.20E-05,7.85E-04,1.11E-03,5.15E-06,1.56E-04,5.51E-04,1.18E-03,,,,,,
440(nm),,,,1.17E-05,4.36E-04,8.67E-04,5.62E-06,1.17E-04,5.04E-04,1.13E-05,5.21E-04,9.68E-04,5.71E-06,1.37E-04,5.44E-04,5.82E-05,1.60E-03,1.70E-03,2.50E-05,8.91E-04,1.26E-03,5.79E-06,1.76E-04,6.25E-04,1.34E-03,,,,,,
441(nm),,,,1.32E-05,4.92E-04,9.81E-04,6.30E-06,1.33E-04,5.72E-04,1.28E-05,5.89E-04,1.09E-03,6.39E-06,1.55E-04,6.14E-04,6.59E-05,1.81E-03,1.93E-03,2.83E-05,1.01E-03,1.42E-03,6.48E-06,1.98E-04,7.06E-04,1.52E-03,,,,,,
442(nm),,,,1.48E-05,5.55E-04,1.11E-03,7.04E-06,1.50E-04,6.44E-04,1.43E-05,6.66E-04,1.24E-03,7.14E-06,1.75E-04,6.93E-04,7.44E-05,2.05E-03,2.18E-03,3.17E-05,1.14E-03,1.60E-03,7.22E-06,2.23E-04,7.96E-04,1.71E-03,,,,,,
443(nm),,,,1.65E-05,6.22E-04,1.24E-03,7.83E-06,1.68E-04,7.23E-04,1.60E-05,7.47E-04,1.39E-03,7.92E-06,1.96E-04,7.78E-04,8.32E-05,2.29E-03,2.44E-03,3.56E-05,1.28E-03,1.80E-03,8.01E-06,2.49E-04,8.91E-04,1.93E-03,,,,,,
444(nm),,,,1.84E-05,6.95E-04,1.39E-03,8.68E-06,1.88E-04,8.07E-04,1.78E-05,8.34E-04,1.55E-03,8.78E-06,2.18E-04,8.67E-04,9.27E-05,2.55E-03,2.72E-03,3.95E-05,1.42E-03,2.00E-03,8.81E-06,2.77E-04,9.93E-04,2.15E-03,,,,,,
445(nm),,,,2.03E-05,7.69E-04,1.53E-03,9.49E-06,2.07E-04,8.90E-04,1.96E-05,9.20E-04,1.71E-03,9.61E-06,2.40E-04,9.59E-04,1.02E-04,2.83E-03,3.00E-03,4.35E-05,1.57E-03,2.21E-03,9.63E-06,3.05E-04,1.09E-03,2.37E-03,,,,,,
446(nm),,,,2.21E-05,8.41E-04,1.67E-03,1.03E-05,2.27E-04,9.75E-04,2.14E-05,1.01E-03,1.87E-03,1.04E-05,2.62E-04,1.05E-03,1.12E-04,3.09E-03,3.29E-03,4.76E-05,1.72E-03,2.42E-03,1.04E-05,3.32E-04,1.20E-03,2.59E-03,,,,,,
447(nm),,,,2.38E-05,9.09E-04,1.81E-03,1.10E-05,2.45E-04,1.05E-03,2.30E-05,1.09E-03,2.02E-03,1.12E-05,2.83E-04,1.13E-03,1.21E-04,3.34E-03,3.55E-03,5.14E-05,1.85E-03,2.61E-03,1.12E-05,3.57E-04,1.30E-03,2.80E-03,,,,,,
448(nm),,,,2.53E-05,9.71E-04,1.93E-03,1.17E-05,2.62E-04,1.12E-03,2.45E-05,1.16E-03,2.16E-03,1.18E-05,3.02E-04,1.21E-03,1.29E-04,3.57E-03,3.79E-03,5.48E-05,1.98E-03,2.79E-03,1.18E-05,3.80E-04,1.38E-03,2.98E-03,,,,,,
449(nm),,,,2.66E-05,1.02E-03,2.03E-03,1.23E-05,2.76E-04,1.18E-03,2.57E-05,1.23E-03,2.27E-03,1.24E-05,3.19E-04,1.27E-03,1.36E-04,3.76E-03,4.00E-03,5.77E-05,2.08E-03,2.93E-03,1.23E-05,3.99E-04,1.45E-03,3.14E-03,,,,,,
450(nm),,,,2.76E-05,1.06E-03,2.12E-03,1.27E-05,2.87E-04,1.23E-03,2.67E-05,1.27E-03,2.36E-03,1.28E-05,3.31E-04,1.32E-03,1.42E-04,3.90E-03,4.15E-03,5.98E-05,2.17E-03,3.05E-03,1.27E-05,4.15E-04,1.51E-03,3.27E-03,,,,,,
451(nm),,,,2.81E-05,1.08E-03,2.16E-03,1.28E-05,2.93E-04,1.26E-03,2.71E-05,1.30E-03,2.41E-03,1.29E-05,3.38E-04,1.35E-03,1.45E-04,3.99E-03,4.25E-03,6.11E-05,2.21E-03,3.12E-03,1.29E-05,4.23E-04,1.54E-03,3.33E-03,,,,,,
452(nm),,,,2.82E-05,1.09E-03,2.18E-03,1.28E-05,2.95E-04,1.27E-03,2.73E-05,1.31E-03,2.43E-03,1.29E-05,3.41E-04,1.36E-03,1.46E-04,4.03E-03,4.29E-03,6.14E-05,2.23E-03,3.14E-03,1.29E-05,4.25E-04,1.55E-03,3.36E-03,,,,,,
453(nm),,,,2.78E-05,1.08E-03,2.16E-03,1.26E-05,2.93E-04,1.26E-03,2.70E-05,1.30E-03,2.41E-03,1.28E-05,3.37E-04,1.35E-03,1.44E-04,4.00E-03,4.26E-03,6.08E-05,2.21E-03,3.12E-03,1.26E-05,4.21E-04,1.54E-03,3.33E-03,,,,,,
454(nm),,,,2.72E-05,1.06E-03,2.12E-03,1.23E-05,2.88E-04,1.24E-03,2.64E-05,1.27E-03,2.37E-03,1.24E-05,3.31E-04,1.32E-03,1.41E-04,3.92E-03,4.17E-03,5.94E-05,2.17E-03,3.05E-03,1.23E-05,4.12E-04,1.51E-03,3.27E-03,,,,,,
455(nm),,,,2.63E-05,1.03E-03,2.05E-03,1.18E-05,2.80E-04,1.20E-03,2.54E-05,1.23E-03,2.29E-03,1.20E-05,3.21E-04,1.28E-03,1.37E-04,3.79E-03,4.04E-03,5.74E-05,2.09E-03,2.95E-03,1.18E-05,3.98E-04,1.46E-03,3.17E-03,,,,,,
456(nm),,,,2.49E-05,9.81E-04,1.95E-03,1.12E-05,2.68E-04,1.14E-03,2.42E-05,1.17E-03,2.18E-03,1.13E-05,3.06E-04,1.22E-03,1.30E-04,3.61E-03,3.84E-03,5.45E-05,1.99E-03,2.81E-03,1.11E-05,3.78E-04,1.39E-03,3.02E-03,,,,,,
457(nm),,,,2.35E-05,9.25E-04,1.84E-03,1.06E-05,2.55E-04,1.08E-03,2.27E-05,1.11E-03,2.06E-03,1.06E-05,2.90E-04,1.15E-03,1.22E-04,3.40E-03,3.63E-03,5.13E-05,1.88E-03,2.66E-03,1.04E-05,3.58E-04,1.31E-03,2.85E-03,,,,,,
458(nm),,,,2.19E-05,8.65E-04,1.72E-03,9.83E-06,2.40E-04,1.01E-03,2.12E-05,1.04E-03,1.92E-03,9.91E-06,2.72E-04,1.08E-03,1.14E-04,3.18E-03,3.39E-03,4.78E-05,1.76E-03,2.49E-03,9.67E-06,3.34E-04,1.23E-03,2.67E-03,,,,,,
459(nm),,,,2.03E-05,8.04E-04,1.60E-03,9.10E-06,2.26E-04,9.43E-04,1.97E-05,9.63E-04,1.79E-03,9.19E-06,2.55E-04,1.01E-03,1.06E-04,2.95E-03,3.15E-03,4.43E-05,1.63E-03,2.31E-03,8.92E-06,3.10E-04,1.14E-03,2.48E-03,,,,,,
460(nm),,,,1.87E-05,7.44E-04,1.48E-03,8.42E-06,2.11E-04,8.77E-04,1.81E-05,8.91E-04,1.65E-03,8.48E-06,2.38E-04,9.34E-04,9.73E-05,2.72E-03,2.90E-03,4.08E-05,1.50E-03,2.13E-03,8.20E-06,2.87E-04,1.05E-03,2.29E-03,,,,,,
461(nm),,,,1.73E-05,6.88E-04,1.37E-03,7.77E-06,1.99E-04,8.14E-04,1.67E-05,8.25E-04,1.53E-03,7.84E-06,2.23E-04,8.66E-04,8.96E-05,2.50E-03,2.68E-03,3.75E-05,1.38E-03,1.97E-03,7.55E-06,2.66E-04,9.73E-04,2.12E-03,,,,,,
462(nm),,,,1.59E-05,6.34E-04,1.26E-03,7.17E-06,1.87E-04,7.56E-04,1.54E-05,7.61E-04,1.41E-03,7.23E-06,2.08E-04,8.02E-04,8.20E-05,2.29E-03,2.46E-03,3.44E-05,1.27E-03,1.81E-03,6.93E-06,2.45E-04,8.98E-04,1.96E-03,,,,,,
463(nm),,,,1.46E-05,5.86E-04,1.17E-03,6.66E-06,1.77E-04,7.03E-04,1.42E-05,7.02E-04,1.31E-03,6.72E-06,1.95E-04,7.44E-04,7.55E-05,2.11E-03,2.26E-03,3.17E-05,1.17E-03,1.67E-03,6.38E-06,2.27E-04,8.30E-04,1.81E-03,,,,,,
464(nm),,,,1.35E-05,5.42E-04,1.08E-03,6.18E-06,1.68E-04,6.55E-04,1.31E-05,6.49E-04,1.21E-03,6.24E-06,1.84E-04,6.93E-04,6.94E-05,1.94E-03,2.09E-03,2.91E-05,1.08E-03,1.54E-03,5.85E-06,2.10E-04,7.67E-04,1.67E-03,,,,,,
465(nm),,,,1.26E-05,5.05E-04,1.01E-03,5.80E-06,1.61E-04,6.17E-04,1.22E-05,6.05E-04,1.12E-03,5.86E-06,1.75E-04,6.50E-04,6.41E-05,1.79E-03,1.93E-03,2.69E-05,9.98E-04,1.42E-03,5.42E-06,1.96E-04,7.14E-04,1.55E-03,,,,,,
466(nm),,,,1.17E-05,4.70E-04,9.37E-04,5.45E-06,1.55E-04,5.80E-04,1.13E-05,5.64E-04,1.05E-03,5.50E-06,1.67E-04,6.09E-04,5.90E-05,1.66E-03,1.79E-03,2.48E-05,9.20E-04,1.32E-03,5.02E-06,1.82E-04,6.66E-04,1.45E-03,,,,,,
467(nm),,,,1.09E-05,4.39E-04,8.73E-04,5.13E-06,1.50E-04,5.48E-04,1.06E-05,5.26E-04,9.78E-04,5.19E-06,1.60E-04,5.72E-04,5.45E-05,1.53E-03,1.66E-03,2.28E-05,8.51E-04,1.22E-03,4.68E-06,1.70E-04,6.22E-04,1.35E-03,,,,,,
468(nm),,,,1.01E-05,4.10E-04,8.14E-04,4.84E-06,1.45E-04,5.19E-04,9.85E-06,4.91E-04,9.09E-04,4.90E-06,1.53E-04,5.40E-04,5.00E-05,1.41E-03,1.54E-03,2.10E-05,7.85E-04,1.14E-03,4.32E-06,1.59E-04,5.81E-04,1.26E-03,,,,,,
469(nm),,,,9.47E-06,3.83E-04,7.62E-04,4.60E-06,1.42E-04,4.93E-04,9.19E-06,4.60E-04,8.51E-04,4.66E-06,1.47E-04,5.10E-04,4.60E-05,1.30E-03,1.43E-03,1.94E-05,7.28E-04,1.06E-03,4.03E-06,1.49E-04,5.43E-04,1.18E-03,,,,,,
470(nm),,,,8.85E-06,3.59E-04,7.13E-04,4.38E-06,1.39E-04,4.68E-04,8.61E-06,4.30E-04,7.96E-04,4.43E-06,1.42E-04,4.83E-04,4.22E-05,1.20E-03,1.32E-03,1.78E-05,6.72E-04,9.82E-04,3.75E-06,1.40E-04,5.08E-04,1.10E-03,,,,,,
471(nm),,,,8.28E-06,3.36E-04,6.68E-04,4.17E-06,1.36E-04,4.47E-04,8.07E-06,4.03E-04,7.45E-04,4.23E-06,1.38E-04,4.57E-04,3.89E-05,1.11E-03,1.23E-03,1.64E-05,6.20E-04,9.13E-04,3.49E-06,1.31E-04,4.76E-04,1.03E-03,,,,,,
472(nm),,,,7.72E-06,3.15E-04,6.26E-04,3.98E-06,1.34E-04,4.27E-04,7.54E-06,3.77E-04,6.96E-04,4.04E-06,1.34E-04,4.35E-04,3.57E-05,1.02E-03,1.13E-03,1.52E-05,5.73E-04,8.49E-04,3.26E-06,1.23E-04,4.47E-04,9.68E-04,,,,,,
473(nm),,,,7.22E-06,2.94E-04,5.88E-04,3.80E-06,1.32E-04,4.07E-04,7.05E-06,3.52E-04,6.55E-04,3.85E-06,1.31E-04,4.13E-04,3.27E-05,9.39E-04,1.05E-03,1.39E-05,5.29E-04,7.88E-04,3.05E-06,1.16E-04,4.18E-04,9.09E-04,,,,,,
474(nm),,,,6.78E-06,2.77E-04,5.51E-04,3.63E-06,1.30E-04,3.91E-04,6.61E-06,3.31E-04,6.15E-04,3.70E-06,1.27E-04,3.93E-04,2.99E-05,8.68E-04,9.78E-04,1.28E-05,4.88E-04,7.33E-04,2.84E-06,1.09E-04,3.94E-04,8.52E-04,,,,,,
475(nm),,,,6.37E-06,2.61E-04,5.20E-04,3.49E-06,1.28E-04,3.75E-04,6.23E-06,3.12E-04,5.80E-04,3.55E-06,1.24E-04,3.75E-04,2.75E-05,8.01E-04,9.10E-04,1.17E-05,4.52E-04,6.83E-04,2.67E-06,1.03E-04,3.70E-04,8.03E-04,,,,,,
476(nm),,,,5.99E-06,2.45E-04,4.89E-04,3.36E-06,1.26E-04,3.59E-04,5.86E-06,2.94E-04,5.47E-04,3.42E-06,1.21E-04,3.59E-04,2.52E-05,7.37E-04,8.47E-04,1.08E-05,4.18E-04,6.39E-04,2.51E-06,9.75E-05,3.49E-04,7.54E-04,,,,,,
477(nm),,,,5.66E-06,2.33E-04,4.64E-04,3.21E-06,1.25E-04,3.46E-04,5.53E-06,2.77E-04,5.17E-04,3.29E-06,1.18E-04,3.43E-04,2.31E-05,6.83E-04,7.87E-04,9.95E-06,3.88E-04,5.99E-04,2.34E-06,9.20E-05,3.30E-04,7.13E-04,,,,,,
478(nm),,,,5.35E-06,2.20E-04,4.38E-04,3.12E-06,1.23E-04,3.35E-04,5.23E-06,2.63E-04,4.90E-04,3.18E-06,1.16E-04,3.30E-04,2.13E-05,6.29E-04,7.36E-04,9.20E-06,3.62E-04,5.60E-04,2.20E-06,8.77E-05,3.15E-04,6.76E-04,,,,,,
479(nm),,,,5.07E-06,2.09E-04,4.15E-04,3.01E-06,1.22E-04,3.23E-04,4.97E-06,2.50E-04,4.64E-04,3.07E-06,1.14E-04,3.17E-04,1.97E-05,5.88E-04,6.91E-04,8.53E-06,3.35E-04,5.27E-04,2.08E-06,8.32E-05,2.99E-04,6.41E-04,,,,,,
480(nm),,,,4.81E-06,2.00E-04,3.95E-04,2.91E-06,1.20E-04,3.13E-04,4.73E-06,2.39E-04,4.42E-04,2.98E-06,1.11E-04,3.06E-04,1.82E-05,5.49E-04,6.51E-04,7.91E-06,3.14E-04,4.97E-04,1.97E-06,7.97E-05,2.84E-04,6.11E-04,,,,,,
481(nm),,,,4.60E-06,1.91E-04,3.79E-04,2.83E-06,1.19E-04,3.05E-04,4.52E-06,2.27E-04,4.23E-04,2.90E-06,1.09E-04,2.97E-04,1.70E-05,5.11E-04,6.14E-04,7.38E-06,2.96E-04,4.72E-04,1.87E-06,7.63E-05,2.72E-04,5.86E-04,,,,,,
482(nm),,,,4.40E-06,1.83E-04,3.63E-04,2.75E-06,1.17E-04,2.96E-04,4.33E-06,2.18E-04,4.06E-04,2.83E-06,1.08E-04,2.86E-04,1.58E-05,4.81E-04,5.84E-04,6.96E-06,2.79E-04,4.49E-04,1.79E-06,7.38E-05,2.61E-04,5.62E-04,,,,,,
483(nm),,,,4.24E-06,1.77E-04,3.49E-04,2.69E-06,1.16E-04,2.89E-04,4.17E-06,2.11E-04,3.90E-04,2.76E-06,1.06E-04,2.79E-04,1.48E-05,4.56E-04,5.55E-04,6.52E-06,2.63E-04,4.28E-04,1.71E-06,7.09E-05,2.51E-04,5.40E-04,,,,,,
484(nm),,,,4.08E-06,1.70E-04,3.38E-04,2.63E-06,1.15E-04,2.83E-04,4.03E-06,2.04E-04,3.76E-04,2.69E-06,1.05E-04,2.72E-04,1.39E-05,4.31E-04,5.29E-04,6.14E-06,2.51E-04,4.10E-04,1.65E-06,6.86E-05,2.43E-04,5.21E-04,,,,,,
485(nm),,,,3.95E-06,1.65E-04,3.26E-04,2.57E-06,1.14E-04,2.78E-04,3.90E-06,1.97E-04,3.65E-04,2.65E-06,1.04E-04,2.67E-04,1.31E-05,4.11E-04,5.09E-04,5.84E-06,2.40E-04,3.95E-04,1.59E-06,6.67E-05,2.36E-04,5.04E-04,,,,,,
486(nm),,,,3.84E-06,1.60E-04,3.17E-04,2.53E-06,1.14E-04,2.73E-04,3.78E-06,1.91E-04,3.55E-04,2.60E-06,1.03E-04,2.61E-04,1.25E-05,3.91E-04,4.89E-04,5.54E-06,2.29E-04,3.82E-04,1.53E-06,6.48E-05,2.30E-04,4.91E-04,,,,,,
487(nm),,,,3.74E-06,1.57E-04,3.11E-04,2.51E-06,1.13E-04,2.70E-04,3.70E-06,1.88E-04,3.47E-04,2.58E-06,1.02E-04,2.58E-04,1.19E-05,3.76E-04,4.71E-04,5.33E-06,2.21E-04,3.69E-04,1.49E-06,6.35E-05,2.25E-04,4.79E-04,,,,,,
488(nm),,,,3.67E-06,1.54E-04,3.04E-04,2.49E-06,1.14E-04,2.69E-04,3.63E-06,1.84E-04,3.41E-04,2.56E-06,1.02E-04,2.55E-04,1.14E-05,3.62E-04,4.59E-04,5.10E-06,2.14E-04,3.59E-04,1.46E-06,6.26E-05,2.20E-04,4.72E-04,,,,,,
489(nm),,,,3.61E-06,1.52E-04,3.01E-04,2.48E-06,1.14E-04,2.67E-04,3.58E-06,1.81E-04,3.35E-04,2.54E-06,1.02E-04,2.53E-04,1.10E-05,3.51E-04,4.47E-04,4.94E-06,2.08E-04,3.51E-04,1.43E-06,6.19E-05,2.17E-04,4.64E-04,,,,,,
490(nm),,,,3.57E-06,1.50E-04,2.98E-04,2.48E-06,1.15E-04,2.68E-04,3.54E-06,1.80E-04,3.33E-04,2.54E-06,1.03E-04,2.53E-04,1.06E-05,3.42E-04,4.39E-04,4.78E-06,2.03E-04,3.47E-04,1.41E-06,6.12E-05,2.16E-04,4.60E-04,,,,,,
491(nm),,,,3.57E-06,1.50E-04,2.97E-04,2.50E-06,1.17E-04,2.70E-04,3.54E-06,1.80E-04,3.31E-04,2.56E-06,1.04E-04,2.54E-04,1.04E-05,3.33E-04,4.33E-04,4.68E-06,1.99E-04,3.42E-04,1.41E-06,6.12E-05,2.15E-04,4.59E-04,,,,,,
492(nm),,,,3.59E-06,1.51E-04,2.98E-04,2.53E-06,1.20E-04,2.73E-04,3.53E-06,1.80E-04,3.33E-04,2.60E-06,1.06E-04,2.57E-04,1.01E-05,3.30E-04,4.32E-04,4.58E-06,1.98E-04,3.41E-04,1.40E-06,6.15E-05,2.16E-04,4.60E-04,,,,,,
493(nm),,,,3.60E-06,1.53E-04,3.02E-04,2.58E-06,1.23E-04,2.78E-04,3.57E-06,1.82E-04,3.37E-04,2.65E-06,1.09E-04,2.62E-04,1.00E-05,3.28E-04,4.31E-04,4.56E-06,1.97E-04,3.43E-04,1.41E-06,6.23E-05,2.18E-04,4.65E-04,,,,,,
494(nm),,,,3.67E-06,1.55E-04,3.06E-04,2.64E-06,1.27E-04,2.85E-04,3.64E-06,1.85E-04,3.42E-04,2.72E-06,1.12E-04,2.68E-04,9.90E-06,3.29E-04,4.35E-04,4.55E-06,1.98E-04,3.46E-04,1.43E-06,6.34E-05,2.22E-04,4.74E-04,,,,,,
495(nm),,,,3.76E-06,1.59E-04,3.14E-04,2.73E-06,1.32E-04,2.94E-04,3.71E-06,1.89E-04,3.49E-04,2.80E-06,1.16E-04,2.75E-04,9.91E-06,3.30E-04,4.41E-04,4.57E-06,2.00E-04,3.52E-04,1.45E-06,6.53E-05,2.27E-04,4.85E-04,,,,,,
496(nm),,,,3.87E-06,1.63E-04,3.24E-04,2.83E-06,1.38E-04,3.07E-04,3.82E-06,1.94E-04,3.61E-04,2.91E-06,1.21E-04,2.84E-04,1.00E-05,3.35E-04,4.52E-04,4.58E-06,2.03E-04,3.62E-04,1.49E-06,6.72E-05,2.35E-04,4.99E-04,,,,,,
497(nm),,,,3.99E-06,1.70E-04,3.35E-04,2.95E-06,1.45E-04,3.18E-04,3.98E-06,2.03E-04,3.74E-04,3.04E-06,1.27E-04,2.97E-04,1.01E-05,3.40E-04,4.65E-04,4.66E-06,2.07E-04,3.73E-04,1.53E-06,6.96E-05,2.43E-04,5.17E-04,,,,,,
498(nm),,,,4.15E-06,1.77E-04,3.48E-04,3.09E-06,1.53E-04,3.35E-04,4.13E-06,2.11E-04,3.90E-04,3.19E-06,1.34E-04,3.12E-04,1.03E-05,3.49E-04,4.79E-04,4.74E-06,2.14E-04,3.87E-04,1.59E-06,7.29E-05,2.54E-04,5.39E-04,,,,,,
499(nm),,,,4.33E-06,1.86E-04,3.65E-04,3.26E-06,1.63E-04,3.55E-04,4.31E-06,2.21E-04,4.08E-04,3.36E-06,1.42E-04,3.29E-04,1.05E-05,3.61E-04,4.97E-04,4.86E-06,2.21E-04,4.03E-04,1.65E-06,7.64E-05,2.66E-04,5.64E-04,,,,,,
500(nm),,,,4.55E-06,1.95E-04,3.85E-04,3.45E-06,1.73E-04,3.76E-04,4.53E-06,2.32E-04,4.29E-04,3.55E-06,1.51E-04,3.47E-04,1.07E-05,3.72E-04,5.18E-04,4.99E-06,2.29E-04,4.19E-04,1.72E-06,8.06E-05,2.79E-04,5.93E-04,,,,,,
501(nm),,,,4.78E-06,2.06E-04,4.06E-04,3.65E-06,1.85E-04,3.99E-04,4.77E-06,2.45E-04,4.52E-04,3.77E-06,1.61E-04,3.69E-04,1.10E-05,3.84E-04,5.39E-04,5.14E-06,2.39E-04,4.39E-04,1.81E-06,8.49E-05,2.95E-04,6.24E-04,,,,,,
502(nm),,,,5.03E-06,2.17E-04,4.27E-04,3.89E-06,1.98E-04,4.24E-04,5.00E-06,2.58E-04,4.77E-04,4.01E-06,1.72E-04,3.91E-04,1.12E-05,3.99E-04,5.65E-04,5.30E-06,2.47E-04,4.63E-04,1.89E-06,8.95E-05,3.11E-04,6.59E-04,,,,,,
503(nm),,,,5.30E-06,2.28E-04,4.52E-04,4.13E-06,2.12E-04,4.50E-04,5.28E-06,2.72E-04,5.05E-04,4.26E-06,1.83E-04,4.16E-04,1.16E-05,4.15E-04,5.91E-04,5.48E-06,2.57E-04,4.84E-04,1.98E-06,9.46E-05,3.29E-04,6.95E-04,,,,,,
504(nm),,,,5.59E-06,2.42E-04,4.78E-04,4.39E-06,2.26E-04,4.80E-04,5.57E-06,2.87E-04,5.32E-04,4.53E-06,1.96E-04,4.42E-04,1.18E-05,4.30E-04,6.21E-04,5.65E-06,2.69E-04,5.08E-04,2.08E-06,1.00E-04,3.48E-04,7.36E-04,,,,,,
505(nm),,,,5.88E-06,2.56E-04,5.02E-04,4.66E-06,2.42E-04,5.10E-04,5.87E-06,3.04E-04,5.62E-04,4.79E-06,2.09E-04,4.69E-04,1.21E-05,4.47E-04,6.51E-04,5.82E-06,2.81E-04,5.33E-04,2.18E-06,1.06E-04,3.66E-04,7.76E-04,,,,,,
506(nm),,,,6.17E-06,2.69E-04,5.31E-04,4.94E-06,2.57E-04,5.40E-04,6.17E-06,3.20E-04,5.93E-04,5.09E-06,2.22E-04,4.98E-04,1.24E-05,4.62E-04,6.79E-04,6.01E-06,2.89E-04,5.59E-04,2.28E-06,1.11E-04,3.86E-04,8.19E-04,,,,,,
507(nm),,,,6.51E-06,2.83E-04,5.60E-04,5.23E-06,2.75E-04,5.75E-04,6.49E-06,3.37E-04,6.26E-04,5.41E-06,2.36E-04,5.27E-04,1.27E-05,4.78E-04,7.08E-04,6.15E-06,3.02E-04,5.88E-04,2.40E-06,1.18E-04,4.07E-04,8.65E-04,,,,,,
508(nm),,,,6.84E-06,2.99E-04,5.88E-04,5.53E-06,2.92E-04,6.08E-04,6.82E-06,3.54E-04,6.57E-04,5.71E-06,2.51E-04,5.56E-04,1.30E-05,4.95E-04,7.40E-04,6.32E-06,3.13E-04,6.14E-04,2.51E-06,1.24E-04,4.30E-04,9.08E-04,,,,,,
509(nm),,,,7.14E-06,3.13E-04,6.17E-04,5.82E-06,3.09E-04,6.41E-04,7.15E-06,3.72E-04,6.88E-04,6.01E-06,2.66E-04,5.85E-04,1.32E-05,5.09E-04,7.70E-04,6.48E-06,3.24E-04,6.39E-04,2.61E-06,1.31E-04,4.50E-04,9.54E-04,,,,,,
510(nm),,,,7.45E-06,3.28E-04,6.46E-04,6.12E-06,3.27E-04,6.74E-04,7.48E-06,3.89E-04,7.19E-04,6.32E-06,2.81E-04,6.15E-04,1.34E-05,5.23E-04,8.00E-04,6.64E-06,3.34E-04,6.65E-04,2.70E-06,1.36E-04,4.70E-04,9.96E-04,,,,,,
511(nm),,,,7.76E-06,3.43E-04,6.72E-04,6.41E-06,3.45E-04,7.07E-04,7.78E-06,4.06E-04,7.50E-04,6.61E-06,2.96E-04,6.43E-04,1.35E-05,5.36E-04,8.25E-04,6.75E-06,3.44E-04,6.90E-04,2.80E-06,1.43E-04,4.92E-04,1.04E-03,,,,,,
512(nm),,,,8.06E-06,3.55E-04,7.00E-04,6.67E-06,3.62E-04,7.41E-04,8.07E-06,4.22E-04,7.79E-04,6.90E-06,3.10E-04,6.73E-04,1.36E-05,5.46E-04,8.53E-04,6.82E-06,3.52E-04,7.13E-04,2.88E-06,1.48E-04,5.12E-04,1.08E-03,,,,,,
513(nm),,,,8.34E-06,3.69E-04,7.27E-04,6.97E-06,3.80E-04,7.74E-04,8.35E-06,4.37E-04,8.09E-04,7.20E-06,3.25E-04,7.01E-04,1.36E-05,5.56E-04,8.79E-04,6.86E-06,3.61E-04,7.34E-04,2.97E-06,1.54E-04,5.31E-04,1.12E-03,,,,,,
514(nm),,,,8.62E-06,3.82E-04,7.54E-04,7.27E-06,3.98E-04,8.08E-04,8.65E-06,4.53E-04,8.39E-04,7.51E-06,3.40E-04,7.31E-04,1.36E-05,5.65E-04,8.98E-04,6.93E-06,3.69E-04,7.55E-04,3.07E-06,1.60E-04,5.49E-04,1.16E-03,,,,,,
515(nm),,,,8.89E-06,3.95E-04,7.76E-04,7.55E-06,4.16E-04,8.39E-04,8.95E-06,4.68E-04,8.68E-04,7.81E-06,3.54E-04,7.58E-04,1.35E-05,5.74E-04,9.21E-04,6.95E-06,3.76E-04,7.76E-04,3.15E-06,1.66E-04,5.68E-04,1.20E-03,,,,,,
516(nm),,,,9.15E-06,4.08E-04,8.01E-04,7.82E-06,4.32E-04,8.70E-04,9.21E-06,4.84E-04,8.94E-04,8.10E-06,3.68E-04,7.84E-04,1.35E-05,5.80E-04,9.42E-04,6.98E-06,3.81E-04,7.95E-04,3.23E-06,1.70E-04,5.86E-04,1.23E-03,,,,,,
517(nm),,,,9.41E-06,4.18E-04,8.23E-04,8.09E-06,4.48E-04,9.00E-04,9.43E-06,4.96E-04,9.18E-04,8.37E-06,3.82E-04,8.11E-04,1.33E-05,5.81E-04,9.57E-04,6.97E-06,3.85E-04,8.12E-04,3.30E-06,1.75E-04,6.02E-04,1.27E-03,,,,,,
518(nm),,,,9.59E-06,4.28E-04,8.42E-04,8.32E-06,4.62E-04,9.25E-04,9.64E-06,5.07E-04,9.37E-04,8.60E-06,3.94E-04,8.33E-04,1.30E-05,5.83E-04,9.69E-04,6.91E-06,3.88E-04,8.26E-04,3.35E-06,1.80E-04,6.15E-04,1.30E-03,,,,,,
519(nm),,,,9.79E-06,4.37E-04,8.59E-04,8.54E-06,4.76E-04,9.50E-04,9.84E-06,5.18E-04,9.57E-04,8.82E-06,4.04E-04,8.54E-04,1.27E-05,5.83E-04,9.82E-04,6.85E-06,3.91E-04,8.39E-04,3.41E-06,1.84E-04,6.29E-04,1.32E-03,,,,,,
520(nm),,,,9.94E-06,4.44E-04,8.73E-04,8.72E-06,4.89E-04,9.72E-04,1.00E-05,5.27E-04,9.73E-04,9.03E-06,4.15E-04,8.72E-04,1.25E-05,5.81E-04,9.94E-04,6.79E-06,3.92E-04,8.49E-04,3.47E-06,1.87E-04,6.41E-04,1.35E-03,,,,,,
521(nm),,,,1.01E-05,4.52E-04,8.87E-04,8.93E-06,5.01E-04,9.92E-04,1.01E-05,5.34E-04,9.88E-04,9.22E-06,4.24E-04,8.91E-04,1.22E-05,5.79E-04,9.97E-04,6.72E-06,3.94E-04,8.58E-04,3.50E-06,1.90E-04,6.50E-04,1.37E-03,,,,,,
522(nm),,,,1.02E-05,4.57E-04,8.98E-04,9.07E-06,5.11E-04,1.01E-03,1.03E-05,5.41E-04,1.00E-03,9.41E-06,4.33E-04,9.06E-04,1.19E-05,5.75E-04,1.01E-03,6.60E-06,3.92E-04,8.64E-04,3.54E-06,1.93E-04,6.60E-04,1.38E-03,,,,,,
523(nm),,,,1.03E-05,4.63E-04,9.10E-04,9.23E-06,5.21E-04,1.03E-03,1.04E-05,5.48E-04,1.01E-03,9.56E-06,4.41E-04,9.21E-04,1.15E-05,5.73E-04,1.01E-03,6.53E-06,3.92E-04,8.72E-04,3.57E-06,1.95E-04,6.67E-04,1.40E-03,,,,,,
524(nm),,,,1.04E-05,4.67E-04,9.17E-04,9.38E-06,5.29E-04,1.04E-03,1.05E-05,5.54E-04,1.02E-03,9.71E-06,4.48E-04,9.32E-04,1.12E-05,5.67E-04,1.01E-03,6.40E-06,3.91E-04,8.78E-04,3.58E-06,1.97E-04,6.72E-04,1.41E-03,,,,,,
525(nm),,,,1.05E-05,4.71E-04,9.22E-04,9.47E-06,5.36E-04,1.05E-03,1.05E-05,5.58E-04,1.03E-03,9.81E-06,4.53E-04,9.40E-04,1.09E-05,5.62E-04,1.01E-03,6.25E-06,3.88E-04,8.77E-04,3.60E-06,1.99E-04,6.77E-04,1.42E-03,,,,,,
526(nm),,,,1.05E-05,4.73E-04,9.30E-04,9.56E-06,5.43E-04,1.06E-03,1.06E-05,5.61E-04,1.04E-03,9.89E-06,4.58E-04,9.51E-04,1.05E-05,5.55E-04,1.01E-03,6.15E-06,3.86E-04,8.77E-04,3.60E-06,2.00E-04,6.84E-04,1.43E-03,,,,,,
527(nm),,,,1.05E-05,4.74E-04,9.29E-04,9.59E-06,5.46E-04,1.07E-03,1.06E-05,5.61E-04,1.04E-03,9.94E-06,4.61E-04,9.52E-04,1.01E-05,5.48E-04,1.00E-03,6.01E-06,3.84E-04,8.75E-04,3.59E-06,2.01E-04,6.84E-04,1.43E-03,,,,,,
528(nm),,,,1.05E-05,4.74E-04,9.29E-04,9.62E-06,5.49E-04,1.07E-03,1.06E-05,5.62E-04,1.04E-03,9.97E-06,4.63E-04,9.56E-04,9.80E-06,5.41E-04,1.00E-03,5.86E-06,3.81E-04,8.73E-04,3.57E-06,2.01E-04,6.84E-04,1.43E-03,,,,,,
529(nm),,,,1.05E-05,4.75E-04,9.30E-04,9.64E-06,5.52E-04,1.07E-03,1.06E-05,5.62E-04,1.04E-03,1.00E-05,4.66E-04,9.58E-04,9.43E-06,5.35E-04,9.96E-04,5.73E-06,3.76E-04,8.70E-04,3.54E-06,2.01E-04,6.84E-04,1.43E-03,,,,,,
530(nm),,,,1.05E-05,4.75E-04,9.30E-04,9.67E-06,5.55E-04,1.08E-03,1.06E-05,5.61E-04,1.04E-03,1.00E-05,4.68E-04,9.61E-04,9.10E-06,5.27E-04,9.89E-04,5.61E-06,3.73E-04,8.66E-04,3.53E-06,2.01E-04,6.83E-04,1.43E-03,,,,,,
531(nm),,,,1.05E-05,4.76E-04,9.33E-04,9.71E-06,5.59E-04,1.08E-03,1.06E-05,5.63E-04,1.04E-03,1.01E-05,4.70E-04,9.66E-04,8.79E-06,5.21E-04,9.88E-04,5.51E-06,3.70E-04,8.65E-04,3.52E-06,2.02E-04,6.86E-04,1.43E-03,,,,,,
532(nm),,,,1.05E-05,4.77E-04,9.35E-04,9.74E-06,5.63E-04,1.09E-03,1.06E-05,5.64E-04,1.04E-03,1.01E-05,4.73E-04,9.69E-04,8.57E-06,5.14E-04,9.84E-04,5.37E-06,3.68E-04,8.65E-04,3.52E-06,2.03E-04,6.88E-04,1.44E-03,,,,,,
533(nm),,,,1.05E-05,4.78E-04,9.37E-04,9.78E-06,5.65E-04,1.09E-03,1.06E-05,5.64E-04,1.04E-03,1.01E-05,4.76E-04,9.74E-04,8.31E-06,5.09E-04,9.81E-04,5.25E-06,3.66E-04,8.65E-04,3.51E-06,2.03E-04,6.89E-04,1.44E-03,,,,,,
534(nm),,,,1.05E-05,4.78E-04,9.36E-04,9.81E-06,5.68E-04,1.10E-03,1.06E-05,5.66E-04,1.04E-03,1.02E-05,4.78E-04,9.77E-04,8.04E-06,5.04E-04,9.78E-04,5.18E-06,3.64E-04,8.62E-04,3.50E-06,2.03E-04,6.90E-04,1.44E-03,,,,,,
535(nm),,,,1.05E-05,4.78E-04,9.37E-04,9.82E-06,5.70E-04,1.10E-03,1.06E-05,5.66E-04,1.04E-03,1.02E-05,4.79E-04,9.78E-04,7.74E-06,4.98E-04,9.73E-04,5.07E-06,3.61E-04,8.59E-04,3.49E-06,2.03E-04,6.89E-04,1.44E-03,,,,,,
536(nm),,,,1.05E-05,4.77E-04,9.36E-04,9.83E-06,5.71E-04,1.10E-03,1.06E-05,5.64E-04,1.04E-03,1.02E-05,4.80E-04,9.77E-04,7.55E-06,4.91E-04,9.69E-04,4.98E-06,3.57E-04,8.57E-04,3.47E-06,2.03E-04,6.90E-04,1.44E-03,,,,,,
537(nm),,,,1.05E-05,4.79E-04,9.34E-04,9.84E-06,5.72E-04,1.10E-03,1.06E-05,5.64E-04,1.04E-03,1.02E-05,4.81E-04,9.79E-04,7.30E-06,4.85E-04,9.65E-04,4.86E-06,3.54E-04,8.54E-04,3.46E-06,2.03E-04,6.89E-04,1.44E-03,,,,,,
538(nm),,,,1.04E-05,4.77E-04,9.33E-04,9.83E-06,5.73E-04,1.10E-03,1.05E-05,5.63E-04,1.04E-03,1.02E-05,4.82E-04,9.79E-04,7.09E-06,4.80E-04,9.63E-04,4.77E-06,3.51E-04,8.51E-04,3.44E-06,2.03E-04,6.88E-04,1.44E-03,,,,,,
539(nm),,,,1.04E-05,4.76E-04,9.33E-04,9.84E-06,5.74E-04,1.10E-03,1.05E-05,5.62E-04,1.04E-03,1.02E-05,4.82E-04,9.80E-04,6.83E-06,4.75E-04,9.56E-04,4.68E-06,3.48E-04,8.50E-04,3.42E-06,2.02E-04,6.88E-04,1.44E-03,,,,,,
540(nm),,,,1.04E-05,4.75E-04,9.32E-04,9.82E-06,5.76E-04,1.10E-03,1.05E-05,5.61E-04,1.04E-03,1.02E-05,4.83E-04,9.81E-04,6.62E-06,4.70E-04,9.52E-04,4.59E-06,3.46E-04,8.46E-04,3.41E-06,2.02E-04,6.86E-04,1.44E-03,,,,,,
541(nm),,,,1.03E-05,4.74E-04,9.32E-04,9.81E-06,5.77E-04,1.11E-03,1.05E-05,5.60E-04,1.04E-03,1.02E-05,4.83E-04,9.81E-04,6.37E-06,4.64E-04,9.47E-04,4.49E-06,3.43E-04,8.43E-04,3.39E-06,2.02E-04,6.84E-04,1.43E-03,,,,,,
542(nm),,,,1.03E-05,4.72E-04,9.28E-04,9.78E-06,5.76E-04,1.10E-03,1.04E-05,5.60E-04,1.03E-03,1.01E-05,4.83E-04,9.79E-04,6.14E-06,4.57E-04,9.43E-04,4.39E-06,3.40E-04,8.38E-04,3.36E-06,2.01E-04,6.83E-04,1.43E-03,,,,,,
543(nm),,,,1.02E-05,4.69E-04,9.22E-04,9.72E-06,5.73E-04,1.10E-03,1.03E-05,5.56E-04,1.03E-03,1.01E-05,4.81E-04,9.75E-04,5.89E-06,4.51E-04,9.32E-04,4.28E-06,3.35E-04,8.31E-04,3.30E-06,2.00E-04,6.80E-04,1.42E-03,,,,,,
544(nm),,,,1.01E-05,4.67E-04,9.15E-04,9.64E-06,5.71E-04,1.09E-03,1.02E-05,5.53E-04,1.02E-03,1.00E-05,4.79E-04,9.71E-04,5.67E-06,4.44E-04,9.24E-04,4.15E-06,3.31E-04,8.24E-04,3.26E-06,1.99E-04,6.75E-04,1.41E-03,,,,,,
545(nm),,,,1.00E-05,4.64E-04,9.09E-04,9.57E-06,5.68E-04,1.09E-03,1.01E-05,5.47E-04,1.01E-03,9.93E-06,4.77E-04,9.63E-04,5.45E-06,4.39E-04,9.14E-04,4.04E-06,3.27E-04,8.15E-04,3.21E-06,1.98E-04,6.71E-04,1.40E-03,,,,,,
546(nm),,,,9.95E-06,4.60E-04,9.03E-04,9.50E-06,5.65E-04,1.08E-03,1.00E-05,5.44E-04,1.01E-03,9.88E-06,4.73E-04,9.57E-04,5.25E-06,4.31E-04,9.05E-04,3.92E-06,3.23E-04,8.08E-04,3.16E-06,1.96E-04,6.66E-04,1.39E-03,,,,,,
547(nm),,,,9.85E-06,4.57E-04,8.97E-04,9.42E-06,5.62E-04,1.07E-03,9.94E-06,5.41E-04,9.99E-04,9.78E-06,4.71E-04,9.51E-04,5.04E-06,4.25E-04,8.93E-04,3.85E-06,3.20E-04,8.01E-04,3.12E-06,1.94E-04,6.61E-04,1.38E-03,,,,,,
548(nm),,,,9.77E-06,4.54E-04,8.91E-04,9.37E-06,5.60E-04,1.07E-03,9.88E-06,5.37E-04,9.93E-04,9.71E-06,4.69E-04,9.46E-04,4.86E-06,4.18E-04,8.87E-04,3.74E-06,3.15E-04,7.98E-04,3.09E-06,1.94E-04,6.56E-04,1.37E-03,,,,,,
549(nm),,,,9.70E-06,4.52E-04,8.86E-04,9.32E-06,5.58E-04,1.07E-03,9.82E-06,5.34E-04,9.88E-04,9.68E-06,4.67E-04,9.43E-04,4.70E-06,4.12E-04,8.81E-04,3.66E-06,3.12E-04,7.90E-04,3.05E-06,1.93E-04,6.53E-04,1.36E-03,,,,,,
550(nm),,,,9.63E-06,4.50E-04,8.82E-04,9.28E-06,5.57E-04,1.06E-03,9.75E-06,5.31E-04,9.83E-04,9.64E-06,4.66E-04,9.39E-04,4.50E-06,4.08E-04,8.73E-04,3.58E-06,3.09E-04,7.85E-04,3.03E-06,1.92E-04,6.50E-04,1.36E-03,,,,,,
551(nm),,,,9.58E-06,4.47E-04,8.75E-04,9.22E-06,5.54E-04,1.06E-03,9.70E-06,5.28E-04,9.76E-04,9.59E-06,4.64E-04,9.35E-04,4.36E-06,4.01E-04,8.65E-04,3.50E-06,3.05E-04,7.80E-04,3.01E-06,1.90E-04,6.46E-04,1.35E-03,,,,,,
552(nm),,,,9.52E-06,4.44E-04,8.70E-04,9.18E-06,5.51E-04,1.05E-03,9.61E-06,5.25E-04,9.71E-04,9.53E-06,4.61E-04,9.29E-04,4.18E-06,3.96E-04,8.57E-04,3.43E-06,3.03E-04,7.73E-04,2.98E-06,1.89E-04,6.41E-04,1.34E-03,,,,,,
553(nm),,,,9.43E-06,4.40E-04,8.64E-04,9.09E-06,5.48E-04,1.04E-03,9.54E-06,5.20E-04,9.64E-04,9.46E-06,4.58E-04,9.23E-04,4.04E-06,3.91E-04,8.51E-04,3.35E-06,2.99E-04,7.65E-04,2.94E-06,1.88E-04,6.36E-04,1.33E-03,,,,,,
554(nm),,,,9.31E-06,4.36E-04,8.56E-04,9.01E-06,5.43E-04,1.03E-03,9.44E-06,5.16E-04,9.53E-04,9.36E-06,4.54E-04,9.14E-04,3.89E-06,3.84E-04,8.42E-04,3.28E-06,2.95E-04,7.57E-04,2.90E-06,1.86E-04,6.30E-04,1.31E-03,,,,,,
555(nm),,,,9.20E-06,4.31E-04,8.46E-04,8.92E-06,5.38E-04,1.02E-03,9.32E-06,5.09E-04,9.42E-04,9.27E-06,4.50E-04,9.04E-04,3.77E-06,3.79E-04,8.30E-04,3.21E-06,2.91E-04,7.47E-04,2.86E-06,1.84E-04,6.23E-04,1.30E-03,,,,,,
556(nm),,,,9.08E-06,4.26E-04,8.35E-04,8.82E-06,5.32E-04,1.01E-03,9.21E-06,5.03E-04,9.31E-04,9.17E-06,4.45E-04,8.94E-04,3.64E-06,3.72E-04,8.17E-04,3.14E-06,2.86E-04,7.36E-04,2.82E-06,1.82E-04,6.16E-04,1.28E-03,,,,,,
557(nm),,,,8.96E-06,4.21E-04,8.25E-04,8.72E-06,5.26E-04,9.99E-04,9.09E-06,4.98E-04,9.18E-04,9.04E-06,4.40E-04,8.84E-04,3.54E-06,3.67E-04,8.07E-04,3.05E-06,2.83E-04,7.26E-04,2.78E-06,1.80E-04,6.09E-04,1.27E-03,,,,,,
558(nm),,,,8.86E-06,4.15E-04,8.14E-04,8.57E-06,5.19E-04,9.88E-04,8.95E-06,4.91E-04,9.05E-04,8.90E-06,4.34E-04,8.71E-04,3.42E-06,3.61E-04,7.95E-04,2.97E-06,2.78E-04,7.15E-04,2.73E-06,1.78E-04,6.00E-04,1.25E-03,,,,,,
559(nm),,,,8.73E-06,4.10E-04,8.03E-04,8.45E-06,5.12E-04,9.71E-04,8.83E-06,4.82E-04,8.91E-04,8.78E-06,4.28E-04,8.58E-04,3.27E-06,3.53E-04,7.81E-04,2.91E-06,2.74E-04,7.05E-04,2.68E-06,1.75E-04,5.91E-04,1.23E-03,,,,,,
560(nm),,,,8.55E-06,4.02E-04,7.89E-04,8.31E-06,5.04E-04,9.56E-04,8.66E-06,4.75E-04,8.77E-04,8.63E-06,4.21E-04,8.43E-04,3.18E-06,3.46E-04,7.67E-04,2.83E-06,2.68E-04,6.94E-04,2.63E-06,1.72E-04,5.81E-04,1.21E-03,,,,,,
561(nm),,,,8.37E-06,3.94E-04,7.73E-04,8.14E-06,4.94E-04,9.38E-04,8.50E-06,4.66E-04,8.60E-04,8.46E-06,4.14E-04,8.27E-04,3.07E-06,3.38E-04,7.52E-04,2.76E-06,2.63E-04,6.79E-04,2.57E-06,1.69E-04,5.69E-04,1.19E-03,,,,,,
562(nm),,,,8.21E-06,3.86E-04,7.56E-04,7.97E-06,4.85E-04,9.18E-04,8.31E-06,4.57E-04,8.42E-04,8.29E-06,4.05E-04,8.10E-04,2.94E-06,3.30E-04,7.36E-04,2.67E-06,2.57E-04,6.65E-04,2.50E-06,1.66E-04,5.58E-04,1.16E-03,,,,,,
563(nm),,,,8.01E-06,3.78E-04,7.38E-04,7.77E-06,4.73E-04,8.95E-04,8.11E-06,4.45E-04,8.23E-04,8.08E-06,3.96E-04,7.93E-04,2.84E-06,3.22E-04,7.19E-04,2.60E-06,2.50E-04,6.49E-04,2.44E-06,1.62E-04,5.45E-04,1.13E-03,,,,,,
564(nm),,,,7.81E-06,3.68E-04,7.22E-04,7.58E-06,4.63E-04,8.74E-04,7.90E-06,4.35E-04,8.02E-04,7.88E-06,3.87E-04,7.73E-04,2.74E-06,3.14E-04,7.03E-04,2.50E-06,2.45E-04,6.34E-04,2.37E-06,1.59E-04,5.32E-04,1.11E-03,,,,,,
565(nm),,,,7.61E-06,3.60E-04,7.04E-04,7.39E-06,4.52E-04,8.55E-04,7.72E-06,4.25E-04,7.84E-04,7.68E-06,3.78E-04,7.54E-04,2.64E-06,3.07E-04,6.84E-04,2.43E-06,2.39E-04,6.19E-04,2.31E-06,1.55E-04,5.21E-04,1.08E-03,,,,,,
566(nm),,,,7.42E-06,3.51E-04,6.87E-04,7.21E-06,4.41E-04,8.34E-04,7.53E-06,4.15E-04,7.64E-04,7.50E-06,3.69E-04,7.36E-04,2.56E-06,2.98E-04,6.66E-04,2.38E-06,2.32E-04,6.04E-04,2.26E-06,1.51E-04,5.08E-04,1.06E-03,,,,,,
567(nm),,,,7.24E-06,3.43E-04,6.70E-04,7.04E-06,4.30E-04,8.14E-04,7.33E-06,4.04E-04,7.46E-04,7.32E-06,3.60E-04,7.19E-04,2.49E-06,2.90E-04,6.51E-04,2.31E-06,2.27E-04,5.91E-04,2.21E-06,1.48E-04,4.96E-04,1.03E-03,,,,,,
568(nm),,,,7.06E-06,3.34E-04,6.54E-04,6.86E-06,4.20E-04,7.94E-04,7.15E-06,3.94E-04,7.27E-04,7.12E-06,3.51E-04,7.01E-04,2.40E-06,2.83E-04,6.34E-04,2.26E-06,2.21E-04,5.75E-04,2.17E-06,1.45E-04,4.85E-04,1.01E-03,,,,,,
569(nm),,,,6.88E-06,3.26E-04,6.37E-04,6.68E-06,4.08E-04,7.74E-04,6.99E-06,3.84E-04,7.09E-04,6.97E-06,3.43E-04,6.85E-04,2.34E-06,2.77E-04,6.18E-04,2.22E-06,2.17E-04,5.62E-04,2.13E-06,1.43E-04,4.74E-04,9.83E-04,,,,,,
570(nm),,,,6.72E-06,3.19E-04,6.22E-04,6.52E-06,3.99E-04,7.55E-04,6.79E-06,3.74E-04,6.94E-04,6.78E-06,3.35E-04,6.67E-04,2.26E-06,2.69E-04,6.02E-04,2.18E-06,2.12E-04,5.51E-04,2.11E-06,1.40E-04,4.63E-04,9.60E-04,,,,,,
571(nm),,,,6.56E-06,3.11E-04,6.08E-04,6.36E-06,3.88E-04,7.36E-04,6.61E-06,3.65E-04,6.77E-04,6.62E-06,3.26E-04,6.52E-04,2.19E-06,2.62E-04,5.89E-04,2.15E-06,2.07E-04,5.37E-04,2.09E-06,1.38E-04,4.54E-04,9.36E-04,,,,,,
572(nm),,,,6.40E-06,3.03E-04,5.94E-04,6.20E-06,3.78E-04,7.16E-04,6.46E-06,3.55E-04,6.59E-04,6.47E-06,3.18E-04,6.36E-04,2.13E-06,2.56E-04,5.75E-04,2.13E-06,2.03E-04,5.25E-04,2.09E-06,1.37E-04,4.44E-04,9.15E-04,,,,,,
573(nm),,,,6.26E-06,2.95E-04,5.80E-04,6.04E-06,3.68E-04,6.96E-04,6.29E-06,3.46E-04,6.42E-04,6.32E-06,3.11E-04,6.21E-04,2.09E-06,2.50E-04,5.62E-04,2.14E-06,1.99E-04,5.13E-04,2.11E-06,1.37E-04,4.37E-04,8.92E-04,,,,,,
574(nm),,,,6.11E-06,2.87E-04,5.66E-04,5.87E-06,3.57E-04,6.78E-04,6.10E-06,3.37E-04,6.27E-04,6.16E-06,3.03E-04,6.06E-04,2.04E-06,2.43E-04,5.47E-04,2.17E-06,1.96E-04,5.02E-04,2.16E-06,1.38E-04,4.31E-04,8.70E-04,,,,,,
575(nm),,,,5.98E-06,2.80E-04,5.52E-04,5.70E-06,3.47E-04,6.60E-04,5.94E-06,3.27E-04,6.11E-04,6.03E-06,2.95E-04,5.91E-04,2.01E-06,2.37E-04,5.36E-04,2.20E-06,1.95E-04,4.93E-04,2.24E-06,1.40E-04,4.27E-04,8.48E-04,,,,,,
576(nm),,,,5.85E-06,2.75E-04,5.41E-04,5.54E-06,3.36E-04,6.44E-04,5.77E-06,3.18E-04,5.97E-04,5.90E-06,2.89E-04,5.81E-04,1.96E-06,2.33E-04,5.21E-04,2.29E-06,1.93E-04,4.87E-04,2.36E-06,1.44E-04,4.25E-04,8.32E-04,,,,,,
577(nm),,,,5.74E-06,2.70E-04,5.31E-04,5.38E-06,3.26E-04,6.27E-04,5.60E-06,3.10E-04,5.82E-04,5.78E-06,2.83E-04,5.69E-04,1.92E-06,2.27E-04,5.14E-04,2.42E-06,1.96E-04,4.80E-04,2.52E-06,1.51E-04,4.27E-04,8.15E-04,,,,,,
578(nm),,,,5.64E-06,2.65E-04,5.21E-04,5.24E-06,3.16E-04,6.13E-04,5.46E-06,3.02E-04,5.69E-04,5.69E-06,2.78E-04,5.59E-04,1.92E-06,2.24E-04,5.04E-04,2.58E-06,1.98E-04,4.77E-04,2.73E-06,1.59E-04,4.31E-04,8.02E-04,,,,,,
579(nm),,,,5.58E-06,2.62E-04,5.14E-04,5.10E-06,3.06E-04,5.97E-04,5.31E-06,2.94E-04,5.58E-04,5.62E-06,2.74E-04,5.51E-04,1.91E-06,2.19E-04,4.98E-04,2.78E-06,2.02E-04,4.75E-04,3.00E-06,1.70E-04,4.39E-04,7.90E-04,,,,,,
580(nm),,,,5.52E-06,2.59E-04,5.07E-04,4.95E-06,2.97E-04,5.83E-04,5.15E-06,2.86E-04,5.46E-04,5.56E-06,2.71E-04,5.46E-04,1.89E-06,2.18E-04,4.92E-04,3.03E-06,2.07E-04,4.75E-04,3.32E-06,1.84E-04,4.49E-04,7.83E-04,,,,,,
581(nm),,,,5.47E-06,2.57E-04,5.04E-04,4.82E-06,2.89E-04,5.70E-04,5.00E-06,2.77E-04,5.37E-04,5.51E-06,2.68E-04,5.41E-04,1.86E-06,2.16E-04,4.89E-04,3.32E-06,2.15E-04,4.79E-04,3.71E-06,2.00E-04,4.63E-04,7.74E-04,,,,,,
582(nm),,,,5.47E-06,2.55E-04,5.02E-04,4.67E-06,2.80E-04,5.59E-04,4.87E-06,2.71E-04,5.29E-04,5.48E-06,2.68E-04,5.39E-04,1.87E-06,2.15E-04,4.85E-04,3.67E-06,2.24E-04,4.87E-04,4.16E-06,2.20E-04,4.84E-04,7.72E-04,,,,,,
583(nm),,,,5.48E-06,2.56E-04,5.03E-04,4.55E-06,2.71E-04,5.49E-04,4.74E-06,2.65E-04,5.23E-04,5.48E-06,2.68E-04,5.40E-04,1.91E-06,2.15E-04,4.87E-04,4.12E-06,2.36E-04,4.97E-04,4.68E-06,2.44E-04,5.10E-04,7.71E-04,,,,,,
584(nm),,,,5.51E-06,2.57E-04,5.05E-04,4.44E-06,2.63E-04,5.39E-04,4.61E-06,2.59E-04,5.18E-04,5.51E-06,2.69E-04,5.42E-04,1.93E-06,2.17E-04,4.89E-04,4.59E-06,2.50E-04,5.09E-04,5.27E-06,2.70E-04,5.39E-04,7.77E-04,,,,,,
585(nm),,,,5.58E-06,2.59E-04,5.10E-04,4.32E-06,2.56E-04,5.31E-04,4.50E-06,2.53E-04,5.17E-04,5.56E-06,2.71E-04,5.47E-04,1.95E-06,2.19E-04,4.92E-04,5.15E-06,2.67E-04,5.24E-04,5.98E-06,3.01E-04,5.73E-04,7.84E-04,,,,,,
586(nm),,,,5.70E-06,2.63E-04,5.18E-04,4.23E-06,2.49E-04,5.27E-04,4.38E-06,2.49E-04,5.17E-04,5.66E-06,2.76E-04,5.55E-04,2.03E-06,2.21E-04,5.02E-04,5.76E-06,2.86E-04,5.44E-04,6.75E-06,3.37E-04,6.14E-04,7.98E-04,,,,,,
587(nm),,,,5.81E-06,2.69E-04,5.29E-04,4.14E-06,2.42E-04,5.22E-04,4.30E-06,2.46E-04,5.18E-04,5.77E-06,2.82E-04,5.69E-04,2.10E-06,2.27E-04,5.11E-04,6.42E-06,3.08E-04,5.70E-04,7.60E-06,3.75E-04,6.61E-04,8.13E-04,,,,,,
588(nm),,,,5.95E-06,2.75E-04,5.41E-04,4.06E-06,2.35E-04,5.20E-04,4.21E-06,2.42E-04,5.22E-04,5.90E-06,2.88E-04,5.81E-04,2.19E-06,2.32E-04,5.23E-04,7.18E-06,3.32E-04,5.97E-04,8.51E-06,4.16E-04,7.09E-04,8.33E-04,,,,,,
589(nm),,,,6.13E-06,2.82E-04,5.54E-04,3.99E-06,2.29E-04,5.19E-04,4.14E-06,2.38E-04,5.24E-04,6.07E-06,2.95E-04,5.96E-04,2.26E-06,2.38E-04,5.38E-04,7.94E-06,3.57E-04,6.26E-04,9.47E-06,4.58E-04,7.61E-04,8.53E-04,,,,,,
590(nm),,,,6.30E-06,2.89E-04,5.68E-04,3.93E-06,2.23E-04,5.18E-04,4.05E-06,2.36E-04,5.31E-04,6.21E-06,3.03E-04,6.11E-04,2.32E-06,2.45E-04,5.52E-04,8.68E-06,3.80E-04,6.55E-04,1.04E-05,5.02E-04,8.13E-04,8.74E-04,,,,,,
591(nm),,,,6.45E-06,2.96E-04,5.83E-04,3.87E-06,2.18E-04,5.17E-04,3.99E-06,2.34E-04,5.37E-04,6.38E-06,3.11E-04,6.28E-04,2.41E-06,2.52E-04,5.64E-04,9.42E-06,4.06E-04,6.85E-04,1.13E-05,5.46E-04,8.67E-04,9.00E-04,,,,,,
592(nm),,,,6.60E-06,3.05E-04,5.98E-04,3.80E-06,2.13E-04,5.17E-04,3.94E-06,2.31E-04,5.44E-04,6.53E-06,3.18E-04,6.44E-04,2.48E-06,2.56E-04,5.81E-04,1.02E-05,4.32E-04,7.14E-04,1.23E-05,5.90E-04,9.20E-04,9.22E-04,,,,,,
593(nm),,,,6.77E-06,3.11E-04,6.12E-04,3.73E-06,2.07E-04,5.15E-04,3.84E-06,2.29E-04,5.47E-04,6.67E-06,3.25E-04,6.58E-04,2.54E-06,2.62E-04,5.93E-04,1.09E-05,4.56E-04,7.40E-04,1.32E-05,6.29E-04,9.66E-04,9.41E-04,,,,,,
594(nm),,,,6.92E-06,3.17E-04,6.26E-04,3.65E-06,2.01E-04,5.14E-04,3.77E-06,2.26E-04,5.51E-04,6.79E-06,3.32E-04,6.72E-04,2.67E-06,2.69E-04,6.06E-04,1.16E-05,4.78E-04,7.65E-04,1.41E-05,6.68E-04,1.01E-03,9.62E-04,,,,,,
595(nm),,,,7.04E-06,3.22E-04,6.36E-04,3.59E-06,1.96E-04,5.12E-04,3.70E-06,2.24E-04,5.53E-04,6.91E-06,3.38E-04,6.84E-04,2.72E-06,2.75E-04,6.17E-04,1.22E-05,5.00E-04,7.90E-04,1.49E-05,7.07E-04,1.06E-03,9.79E-04,,,,,,
596(nm),,,,7.17E-06,3.27E-04,6.45E-04,3.50E-06,1.90E-04,5.09E-04,3.61E-06,2.21E-04,5.56E-04,7.03E-06,3.44E-04,6.96E-04,2.79E-06,2.78E-04,6.28E-04,1.28E-05,5.19E-04,8.13E-04,1.57E-05,7.43E-04,1.10E-03,9.94E-04,,,,,,
597(nm),,,,7.26E-06,3.32E-04,6.54E-04,3.43E-06,1.85E-04,5.05E-04,3.51E-06,2.17E-04,5.57E-04,7.11E-06,3.49E-04,7.05E-04,2.81E-06,2.81E-04,6.37E-04,1.35E-05,5.37E-04,8.32E-04,1.64E-05,7.76E-04,1.14E-03,1.01E-03,,,,,,
598(nm),,,,7.35E-06,3.35E-04,6.63E-04,3.35E-06,1.79E-04,5.02E-04,3.43E-06,2.14E-04,5.57E-04,7.18E-06,3.52E-04,7.12E-04,2.85E-06,2.85E-04,6.43E-04,1.40E-05,5.53E-04,8.50E-04,1.70E-05,8.05E-04,1.17E-03,1.02E-03,,,,,,
599(nm),,,,7.42E-06,3.39E-04,6.68E-04,3.27E-06,1.73E-04,4.96E-04,3.33E-06,2.10E-04,5.56E-04,7.23E-06,3.55E-04,7.18E-04,2.88E-06,2.86E-04,6.49E-04,1.44E-05,5.68E-04,8.67E-04,1.76E-05,8.32E-04,1.21E-03,1.03E-03,,,,,,
600(nm),,,,7.45E-06,3.40E-04,6.72E-04,3.17E-06,1.67E-04,4.90E-04,3.25E-06,2.06E-04,5.55E-04,7.28E-06,3.57E-04,7.22E-04,2.92E-06,2.90E-04,6.54E-04,1.48E-05,5.82E-04,8.77E-04,1.81E-05,8.55E-04,1.23E-03,1.04E-03,,,,,,
601(nm),,,,7.48E-06,3.42E-04,6.73E-04,3.08E-06,1.61E-04,4.84E-04,3.15E-06,2.02E-04,5.52E-04,7.30E-06,3.58E-04,7.26E-04,2.94E-06,2.90E-04,6.55E-04,1.52E-05,5.92E-04,8.88E-04,1.86E-05,8.75E-04,1.26E-03,1.04E-03,,,,,,
602(nm),,,,7.51E-06,3.42E-04,6.76E-04,3.00E-06,1.56E-04,4.77E-04,3.06E-06,1.98E-04,5.48E-04,7.32E-06,3.60E-04,7.28E-04,2.95E-06,2.91E-04,6.55E-04,1.55E-05,6.01E-04,8.99E-04,1.90E-05,8.93E-04,1.27E-03,1.04E-03,,,,,,
603(nm),,,,7.53E-06,3.43E-04,6.79E-04,2.93E-06,1.51E-04,4.72E-04,2.97E-06,1.94E-04,5.45E-04,7.35E-06,3.60E-04,7.30E-04,2.98E-06,2.91E-04,6.56E-04,1.58E-05,6.11E-04,9.06E-04,1.94E-05,9.11E-04,1.29E-03,1.05E-03,,,,,,
604(nm),,,,7.55E-06,3.44E-04,6.80E-04,2.85E-06,1.45E-04,4.66E-04,2.90E-06,1.90E-04,5.43E-04,7.36E-06,3.61E-04,7.32E-04,3.00E-06,2.93E-04,6.57E-04,1.61E-05,6.20E-04,9.13E-04,1.98E-05,9.27E-04,1.31E-03,1.05E-03,,,,,,
605(nm),,,,7.56E-06,3.43E-04,6.79E-04,2.77E-06,1.41E-04,4.59E-04,2.82E-06,1.87E-04,5.39E-04,7.35E-06,3.61E-04,7.33E-04,3.00E-06,2.92E-04,6.57E-04,1.64E-05,6.26E-04,9.19E-04,2.01E-05,9.40E-04,1.32E-03,1.04E-03,,,,,,
606(nm),,,,7.52E-06,3.43E-04,6.77E-04,2.68E-06,1.36E-04,4.54E-04,2.74E-06,1.83E-04,5.32E-04,7.32E-06,3.60E-04,7.27E-04,2.99E-06,2.92E-04,6.57E-04,1.66E-05,6.29E-04,9.19E-04,2.03E-05,9.46E-04,1.33E-03,1.04E-03,,,,,,
607(nm),,,,7.49E-06,3.41E-04,6.70E-04,2.61E-06,1.31E-04,4.45E-04,2.65E-06,1.79E-04,5.27E-04,7.27E-06,3.58E-04,7.23E-04,2.98E-06,2.91E-04,6.51E-04,1.66E-05,6.32E-04,9.17E-04,2.04E-05,9.50E-04,1.33E-03,1.03E-03,,,,,,
608(nm),,,,7.40E-06,3.37E-04,6.65E-04,2.51E-06,1.26E-04,4.35E-04,2.55E-06,1.75E-04,5.18E-04,7.18E-06,3.54E-04,7.14E-04,2.94E-06,2.88E-04,6.43E-04,1.66E-05,6.27E-04,9.09E-04,2.04E-05,9.49E-04,1.32E-03,1.02E-03,,,,,,
609(nm),,,,7.28E-06,3.32E-04,6.55E-04,2.42E-06,1.21E-04,4.26E-04,2.45E-06,1.70E-04,5.10E-04,7.07E-06,3.49E-04,7.04E-04,2.89E-06,2.84E-04,6.33E-04,1.65E-05,6.22E-04,9.00E-04,2.03E-05,9.44E-04,1.31E-03,1.00E-03,,,,,,
610(nm),,,,7.15E-06,3.26E-04,6.44E-04,2.33E-06,1.17E-04,4.16E-04,2.37E-06,1.65E-04,5.00E-04,6.94E-06,3.42E-04,6.93E-04,2.84E-06,2.80E-04,6.24E-04,1.64E-05,6.16E-04,8.86E-04,2.01E-05,9.35E-04,1.30E-03,9.87E-04,,,,,,
611(nm),,,,7.02E-06,3.20E-04,6.33E-04,2.24E-06,1.12E-04,4.05E-04,2.28E-06,1.61E-04,4.87E-04,6.80E-06,3.35E-04,6.79E-04,2.80E-06,2.74E-04,6.12E-04,1.62E-05,6.09E-04,8.74E-04,1.98E-05,9.23E-04,1.28E-03,9.68E-04,,,,,,
612(nm),,,,6.88E-06,3.15E-04,6.19E-04,2.18E-06,1.08E-04,3.95E-04,2.20E-06,1.55E-04,4.78E-04,6.68E-06,3.30E-04,6.70E-04,2.71E-06,2.68E-04,6.00E-04,1.59E-05,6.00E-04,8.62E-04,1.96E-05,9.13E-04,1.26E-03,9.51E-04,,,,,,
613(nm),,,,6.78E-06,3.09E-04,6.10E-04,2.12E-06,1.04E-04,3.86E-04,2.14E-06,1.51E-04,4.69E-04,6.56E-06,3.24E-04,6.55E-04,2.69E-06,2.64E-04,5.93E-04,1.58E-05,5.93E-04,8.50E-04,1.94E-05,9.03E-04,1.25E-03,9.37E-04,,,,,,
614(nm),,,,6.68E-06,3.05E-04,6.02E-04,2.05E-06,1.01E-04,3.80E-04,2.09E-06,1.48E-04,4.61E-04,6.46E-06,3.20E-04,6.48E-04,2.66E-06,2.60E-04,5.84E-04,1.56E-05,5.87E-04,8.39E-04,1.92E-05,8.95E-04,1.24E-03,9.24E-04,,,,,,
615(nm),,,,6.58E-06,3.01E-04,5.95E-04,2.02E-06,9.84E-05,3.73E-04,2.04E-06,1.45E-04,4.54E-04,6.39E-06,3.16E-04,6.40E-04,2.63E-06,2.56E-04,5.78E-04,1.55E-05,5.81E-04,8.30E-04,1.91E-05,8.89E-04,1.23E-03,9.15E-04,,,,,,
616(nm),,,,6.53E-06,2.98E-04,5.89E-04,1.98E-06,9.62E-05,3.67E-04,2.01E-06,1.43E-04,4.48E-04,6.33E-06,3.13E-04,6.33E-04,2.63E-06,2.54E-04,5.73E-04,1.54E-05,5.78E-04,8.24E-04,1.89E-05,8.84E-04,1.22E-03,9.04E-04,,,,,,
617(nm),,,,6.48E-06,2.97E-04,5.82E-04,1.95E-06,9.40E-05,3.62E-04,1.98E-06,1.40E-04,4.43E-04,6.26E-06,3.10E-04,6.27E-04,2.60E-06,2.52E-04,5.67E-04,1.53E-05,5.73E-04,8.18E-04,1.89E-05,8.79E-04,1.21E-03,8.95E-04,,,,,,
618(nm),,,,6.44E-06,2.93E-04,5.76E-04,1.91E-06,9.23E-05,3.57E-04,1.94E-06,1.38E-04,4.39E-04,6.20E-06,3.06E-04,6.21E-04,2.57E-06,2.48E-04,5.63E-04,1.52E-05,5.68E-04,8.09E-04,1.87E-05,8.71E-04,1.20E-03,8.84E-04,,,,,,
619(nm),,,,6.35E-06,2.88E-04,5.69E-04,1.87E-06,9.00E-05,3.52E-04,1.90E-06,1.36E-04,4.32E-04,6.13E-06,3.03E-04,6.14E-04,2.57E-06,2.46E-04,5.53E-04,1.51E-05,5.63E-04,8.00E-04,1.85E-05,8.64E-04,1.18E-03,8.74E-04,,,,,,
620(nm),,,,6.26E-06,2.86E-04,5.60E-04,1.83E-06,8.83E-05,3.45E-04,1.86E-06,1.33E-04,4.25E-04,6.03E-06,2.98E-04,6.04E-04,2.51E-06,2.42E-04,5.47E-04,1.49E-05,5.57E-04,7.89E-04,1.83E-05,8.51E-04,1.17E-03,8.62E-04,,,,,,
621(nm),,,,6.14E-06,2.81E-04,5.53E-04,1.79E-06,8.63E-05,3.40E-04,1.82E-06,1.31E-04,4.17E-04,5.94E-06,2.94E-04,5.93E-04,2.47E-06,2.40E-04,5.37E-04,1.47E-05,5.48E-04,7.78E-04,1.80E-05,8.40E-04,1.15E-03,8.49E-04,,,,,,
622(nm),,,,6.04E-06,2.76E-04,5.43E-04,1.74E-06,8.45E-05,3.33E-04,1.76E-06,1.29E-04,4.10E-04,5.83E-06,2.90E-04,5.84E-04,2.41E-06,2.36E-04,5.27E-04,1.45E-05,5.39E-04,7.66E-04,1.78E-05,8.26E-04,1.13E-03,8.33E-04,,,,,,
623(nm),,,,5.92E-06,2.71E-04,5.32E-04,1.70E-06,8.24E-05,3.27E-04,1.71E-06,1.26E-04,4.02E-04,5.72E-06,2.85E-04,5.74E-04,2.36E-06,2.31E-04,5.18E-04,1.42E-05,5.30E-04,7.51E-04,1.75E-05,8.12E-04,1.12E-03,8.20E-04,,,,,,
624(nm),,,,5.80E-06,2.65E-04,5.23E-04,1.66E-06,8.03E-05,3.21E-04,1.69E-06,1.23E-04,3.95E-04,5.61E-06,2.79E-04,5.63E-04,2.33E-06,2.28E-04,5.10E-04,1.40E-05,5.22E-04,7.37E-04,1.71E-05,7.99E-04,1.10E-03,8.06E-04,,,,,,
625(nm),,,,5.72E-06,2.61E-04,5.13E-04,1.62E-06,7.88E-05,3.15E-04,1.65E-06,1.21E-04,3.89E-04,5.52E-06,2.75E-04,5.53E-04,2.27E-06,2.22E-04,5.01E-04,1.37E-05,5.15E-04,7.28E-04,1.69E-05,7.88E-04,1.08E-03,7.93E-04,,,,,,
626(nm),,,,5.61E-06,2.57E-04,5.05E-04,1.59E-06,7.69E-05,3.10E-04,1.62E-06,1.18E-04,3.82E-04,5.41E-06,2.69E-04,5.44E-04,2.28E-06,2.19E-04,4.92E-04,1.35E-05,5.05E-04,7.16E-04,1.66E-05,7.74E-04,1.06E-03,7.78E-04,,,,,,
627(nm),,,,5.52E-06,2.53E-04,4.98E-04,1.56E-06,7.58E-05,3.04E-04,1.59E-06,1.16E-04,3.75E-04,5.32E-06,2.65E-04,5.35E-04,2.23E-06,2.17E-04,4.83E-04,1.33E-05,4.98E-04,7.06E-04,1.63E-05,7.63E-04,1.05E-03,7.66E-04,,,,,,
628(nm),,,,5.45E-06,2.49E-04,4.89E-04,1.53E-06,7.45E-05,2.99E-04,1.56E-06,1.15E-04,3.70E-04,5.24E-06,2.61E-04,5.26E-04,2.19E-06,2.14E-04,4.78E-04,1.31E-05,4.90E-04,6.95E-04,1.61E-05,7.51E-04,1.03E-03,7.54E-04,,,,,,
629(nm),,,,5.36E-06,2.44E-04,4.82E-04,1.51E-06,7.31E-05,2.94E-04,1.52E-06,1.13E-04,3.64E-04,5.15E-06,2.57E-04,5.18E-04,2.15E-06,2.11E-04,4.69E-04,1.29E-05,4.82E-04,6.83E-04,1.58E-05,7.39E-04,1.02E-03,7.43E-04,,,,,,
630(nm),,,,5.26E-06,2.41E-04,4.75E-04,1.47E-06,7.17E-05,2.89E-04,1.49E-06,1.11E-04,3.58E-04,5.08E-06,2.52E-04,5.11E-04,2.13E-06,2.06E-04,4.60E-04,1.27E-05,4.74E-04,6.72E-04,1.56E-05,7.25E-04,1.00E-03,7.31E-04,,,,,,
631(nm),,,,5.16E-06,2.35E-04,4.65E-04,1.44E-06,7.01E-05,2.83E-04,1.45E-06,1.09E-04,3.51E-04,4.98E-06,2.47E-04,4.99E-04,2.10E-06,2.04E-04,4.55E-04,1.25E-05,4.65E-04,6.58E-04,1.52E-05,7.12E-04,9.80E-04,7.17E-04,,,,,,
632(nm),,,,5.06E-06,2.32E-04,4.57E-04,1.41E-06,6.87E-05,2.78E-04,1.42E-06,1.07E-04,3.43E-04,4.88E-06,2.43E-04,4.91E-04,2.04E-06,1.99E-04,4.45E-04,1.22E-05,4.58E-04,6.47E-04,1.50E-05,6.99E-04,9.64E-04,7.04E-04,,,,,,
633(nm),,,,4.97E-06,2.28E-04,4.49E-04,1.39E-06,6.79E-05,2.73E-04,1.41E-06,1.05E-04,3.38E-04,4.79E-06,2.38E-04,4.82E-04,2.01E-06,1.95E-04,4.37E-04,1.20E-05,4.50E-04,6.35E-04,1.47E-05,6.86E-04,9.47E-04,6.91E-04,,,,,,
634(nm),,,,4.86E-06,2.24E-04,4.40E-04,1.35E-06,6.63E-05,2.68E-04,1.37E-06,1.03E-04,3.32E-04,4.69E-06,2.34E-04,4.74E-04,1.97E-06,1.91E-04,4.28E-04,1.18E-05,4.41E-04,6.24E-04,1.44E-05,6.74E-04,9.29E-04,6.77E-04,,,,,,
635(nm),,,,4.77E-06,2.20E-04,4.33E-04,1.33E-06,6.52E-05,2.63E-04,1.34E-06,1.01E-04,3.27E-04,4.61E-06,2.30E-04,4.66E-04,1.92E-06,1.89E-04,4.21E-04,1.16E-05,4.33E-04,6.12E-04,1.42E-05,6.61E-04,9.13E-04,6.67E-04,,,,,,
636(nm),,,,4.70E-06,2.17E-04,4.26E-04,1.30E-06,6.40E-05,2.60E-04,1.33E-06,9.95E-05,3.21E-04,4.53E-06,2.26E-04,4.59E-04,1.91E-06,1.86E-04,4.15E-04,1.14E-05,4.27E-04,6.03E-04,1.39E-05,6.50E-04,8.98E-04,6.54E-04,,,,,,
637(nm),,,,4.63E-06,2.14E-04,4.21E-04,1.28E-06,6.31E-05,2.55E-04,1.31E-06,9.83E-05,3.16E-04,4.46E-06,2.22E-04,4.52E-04,1.89E-06,1.85E-04,4.09E-04,1.12E-05,4.21E-04,5.94E-04,1.37E-05,6.41E-04,8.84E-04,6.47E-04,,,,,,
638(nm),,,,4.55E-06,2.10E-04,4.13E-04,1.26E-06,6.23E-05,2.51E-04,1.29E-06,9.65E-05,3.11E-04,4.39E-06,2.20E-04,4.46E-04,1.88E-06,1.82E-04,4.07E-04,1.11E-05,4.13E-04,5.87E-04,1.35E-05,6.32E-04,8.71E-04,6.36E-04,,,,,,
639(nm),,,,4.50E-06,2.08E-04,4.09E-04,1.25E-06,6.11E-05,2.48E-04,1.26E-06,9.52E-05,3.08E-04,4.34E-06,2.16E-04,4.39E-04,1.84E-06,1.79E-04,3.96E-04,1.09E-05,4.09E-04,5.78E-04,1.33E-05,6.24E-04,8.60E-04,6.28E-04,,,,,,
640(nm),,,,4.43E-06,2.04E-04,4.03E-04,1.23E-06,6.03E-05,2.45E-04,1.25E-06,9.40E-05,3.03E-04,4.28E-06,2.13E-04,4.33E-04,1.82E-06,1.77E-04,3.92E-04,1.08E-05,4.05E-04,5.70E-04,1.32E-05,6.16E-04,8.50E-04,6.17E-04,,,,,,
641(nm),,,,4.36E-06,2.01E-04,3.97E-04,1.21E-06,5.95E-05,2.41E-04,1.23E-06,9.21E-05,2.99E-04,4.21E-06,2.10E-04,4.27E-04,1.80E-06,1.74E-04,3.86E-04,1.06E-05,3.96E-04,5.63E-04,1.30E-05,6.07E-04,8.36E-04,6.09E-04,,,,,,
642(nm),,,,4.29E-06,1.98E-04,3.92E-04,1.18E-06,5.86E-05,2.37E-04,1.20E-06,9.07E-05,2.95E-04,4.14E-06,2.07E-04,4.19E-04,1.79E-06,1.69E-04,3.83E-04,1.04E-05,3.92E-04,5.55E-04,1.28E-05,5.97E-04,8.23E-04,6.01E-04,,,,,,
643(nm),,,,4.21E-06,1.95E-04,3.83E-04,1.16E-06,5.76E-05,2.33E-04,1.19E-06,8.93E-05,2.89E-04,4.08E-06,2.03E-04,4.14E-04,1.76E-06,1.67E-04,3.74E-04,1.03E-05,3.84E-04,5.44E-04,1.25E-05,5.88E-04,8.10E-04,5.91E-04,,,,,,
644(nm),,,,4.13E-06,1.92E-04,3.78E-04,1.13E-06,5.62E-05,2.29E-04,1.16E-06,8.83E-05,2.84E-04,3.98E-06,2.00E-04,4.06E-04,1.71E-06,1.64E-04,3.70E-04,1.01E-05,3.79E-04,5.35E-04,1.23E-05,5.78E-04,7.96E-04,5.81E-04,,,,,,
645(nm),,,,4.05E-06,1.88E-04,3.69E-04,1.11E-06,5.53E-05,2.25E-04,1.13E-06,8.61E-05,2.79E-04,3.92E-06,1.97E-04,3.99E-04,1.68E-06,1.62E-04,3.63E-04,9.89E-06,3.70E-04,5.25E-04,1.21E-05,5.66E-04,7.80E-04,5.71E-04,,,,,,
646(nm),,,,3.98E-06,1.85E-04,3.64E-04,1.09E-06,5.40E-05,2.21E-04,1.11E-06,8.46E-05,2.73E-04,3.84E-06,1.93E-04,3.91E-04,1.64E-06,1.59E-04,3.55E-04,9.68E-06,3.64E-04,5.15E-04,1.19E-05,5.55E-04,7.66E-04,5.61E-04,,,,,,
647(nm),,,,3.92E-06,1.81E-04,3.56E-04,1.07E-06,5.30E-05,2.16E-04,1.08E-06,8.31E-05,2.68E-04,3.75E-06,1.89E-04,3.83E-04,1.61E-06,1.57E-04,3.47E-04,9.48E-06,3.57E-04,5.05E-04,1.16E-05,5.45E-04,7.49E-04,5.49E-04,,,,,,
648(nm),,,,3.82E-06,1.77E-04,3.50E-04,1.04E-06,5.22E-05,2.12E-04,1.06E-06,8.15E-05,2.64E-04,3.68E-06,1.85E-04,3.75E-04,1.62E-06,1.52E-04,3.41E-04,9.33E-06,3.48E-04,4.97E-04,1.14E-05,5.34E-04,7.35E-04,5.40E-04,,,,,,
649(nm),,,,3.75E-06,1.73E-04,3.42E-04,1.01E-06,5.14E-05,2.08E-04,1.04E-06,8.01E-05,2.59E-04,3.60E-06,1.81E-04,3.68E-04,1.58E-06,1.49E-04,3.33E-04,9.14E-06,3.43E-04,4.86E-04,1.12E-05,5.24E-04,7.19E-04,5.28E-04,,,,,,
650(nm),,,,3.68E-06,1.70E-04,3.35E-04,9.96E-07,5.01E-05,2.04E-04,1.02E-06,7.86E-05,2.53E-04,3.53E-06,1.78E-04,3.60E-04,1.53E-06,1.48E-04,3.28E-04,8.98E-06,3.36E-04,4.76E-04,1.09E-05,5.13E-04,7.05E-04,5.18E-04,,,,,,
651(nm),,,,3.61E-06,1.67E-04,3.28E-04,9.82E-07,4.90E-05,1.99E-04,1.00E-06,7.66E-05,2.48E-04,3.47E-06,1.74E-04,3.53E-04,1.50E-06,1.45E-04,3.23E-04,8.77E-06,3.30E-04,4.65E-04,1.07E-05,5.03E-04,6.91E-04,5.07E-04,,,,,,
652(nm),,,,3.55E-06,1.64E-04,3.23E-04,9.63E-07,4.84E-05,1.96E-04,9.83E-07,7.55E-05,2.44E-04,3.41E-06,1.71E-04,3.46E-04,1.51E-06,1.42E-04,3.17E-04,8.59E-06,3.24E-04,4.56E-04,1.05E-05,4.93E-04,6.81E-04,4.97E-04,,,,,,
653(nm),,,,3.49E-06,1.61E-04,3.16E-04,9.46E-07,4.72E-05,1.92E-04,9.64E-07,7.43E-05,2.39E-04,3.34E-06,1.68E-04,3.41E-04,1.47E-06,1.39E-04,3.11E-04,8.46E-06,3.17E-04,4.47E-04,1.03E-05,4.83E-04,6.66E-04,4.89E-04,,,,,,
654(nm),,,,3.41E-06,1.58E-04,3.10E-04,9.26E-07,4.64E-05,1.88E-04,9.46E-07,7.28E-05,2.34E-04,3.28E-06,1.65E-04,3.33E-04,1.46E-06,1.38E-04,3.04E-04,8.31E-06,3.12E-04,4.41E-04,1.01E-05,4.73E-04,6.53E-04,4.77E-04,,,,,,
655(nm),,,,3.35E-06,1.54E-04,3.05E-04,9.04E-07,4.58E-05,1.85E-04,9.34E-07,7.15E-05,2.30E-04,3.22E-06,1.61E-04,3.26E-04,1.40E-06,1.34E-04,2.96E-04,8.10E-06,3.04E-04,4.33E-04,9.95E-06,4.65E-04,6.41E-04,4.67E-04,,,,,,
656(nm),,,,3.28E-06,1.51E-04,2.98E-04,8.87E-07,4.46E-05,1.81E-04,9.12E-07,7.06E-05,2.25E-04,3.15E-06,1.58E-04,3.20E-04,1.41E-06,1.32E-04,2.92E-04,7.97E-06,3.00E-04,4.24E-04,9.70E-06,4.55E-04,6.29E-04,4.59E-04,,,,,,
657(nm),,,,3.22E-06,1.48E-04,2.93E-04,8.67E-07,4.36E-05,1.77E-04,8.89E-07,6.90E-05,2.21E-04,3.08E-06,1.55E-04,3.13E-04,1.38E-06,1.29E-04,2.87E-04,7.84E-06,2.93E-04,4.15E-04,9.50E-06,4.46E-04,6.15E-04,4.50E-04,,,,,,
658(nm),,,,3.13E-06,1.45E-04,2.86E-04,8.53E-07,4.28E-05,1.73E-04,8.73E-07,6.72E-05,2.16E-04,3.01E-06,1.52E-04,3.08E-04,1.35E-06,1.27E-04,2.79E-04,7.65E-06,2.87E-04,4.05E-04,9.30E-06,4.36E-04,6.01E-04,4.40E-04,,,,,,
659(nm),,,,3.07E-06,1.42E-04,2.80E-04,8.33E-07,4.18E-05,1.69E-04,8.59E-07,6.55E-05,2.11E-04,2.95E-06,1.48E-04,3.00E-04,1.33E-06,1.24E-04,2.73E-04,7.49E-06,2.81E-04,3.97E-04,9.11E-06,4.26E-04,5.88E-04,4.32E-04,,,,,,
660(nm),,,,3.01E-06,1.39E-04,2.74E-04,8.19E-07,4.07E-05,1.66E-04,8.38E-07,6.41E-05,2.07E-04,2.89E-06,1.45E-04,2.93E-04,1.31E-06,1.21E-04,2.69E-04,7.28E-06,2.75E-04,3.88E-04,8.91E-06,4.16E-04,5.77E-04,4.21E-04,,,,,,
661(nm),,,,2.95E-06,1.36E-04,2.70E-04,7.94E-07,3.99E-05,1.63E-04,8.11E-07,6.28E-05,2.01E-04,2.81E-06,1.42E-04,2.87E-04,1.28E-06,1.18E-04,2.64E-04,7.14E-06,2.68E-04,3.78E-04,8.68E-06,4.07E-04,5.62E-04,4.13E-04,,,,,,
662(nm),,,,2.88E-06,1.33E-04,2.63E-04,7.80E-07,3.95E-05,1.59E-04,7.95E-07,6.17E-05,1.97E-04,2.76E-06,1.39E-04,2.80E-04,1.23E-06,1.16E-04,2.55E-04,7.01E-06,2.63E-04,3.71E-04,8.51E-06,3.98E-04,5.48E-04,4.01E-04,,,,,,
663(nm),,,,2.81E-06,1.30E-04,2.57E-04,7.62E-07,3.82E-05,1.55E-04,7.74E-07,6.01E-05,1.94E-04,2.69E-06,1.35E-04,2.73E-04,1.25E-06,1.13E-04,2.52E-04,6.82E-06,2.56E-04,3.62E-04,8.29E-06,3.88E-04,5.38E-04,3.93E-04,,,,,,
664(nm),,,,2.74E-06,1.27E-04,2.50E-04,7.39E-07,3.73E-05,1.52E-04,7.65E-07,5.88E-05,1.89E-04,2.63E-06,1.32E-04,2.68E-04,1.21E-06,1.12E-04,2.46E-04,6.66E-06,2.51E-04,3.53E-04,8.10E-06,3.79E-04,5.24E-04,3.85E-04,,,,,,
665(nm),,,,2.67E-06,1.24E-04,2.44E-04,7.24E-07,3.66E-05,1.48E-04,7.49E-07,5.75E-05,1.86E-04,2.57E-06,1.29E-04,2.61E-04,1.18E-06,1.10E-04,2.41E-04,6.51E-06,2.47E-04,3.47E-04,7.92E-06,3.70E-04,5.12E-04,3.76E-04,,,,,,
666(nm),,,,2.62E-06,1.21E-04,2.39E-04,7.07E-07,3.58E-05,1.44E-04,7.34E-07,5.62E-05,1.81E-04,2.52E-06,1.26E-04,2.55E-04,1.16E-06,1.07E-04,2.34E-04,6.38E-06,2.40E-04,3.40E-04,7.74E-06,3.62E-04,5.01E-04,3.67E-04,,,,,,
667(nm),,,,2.56E-06,1.18E-04,2.33E-04,6.93E-07,3.49E-05,1.41E-04,7.14E-07,5.50E-05,1.76E-04,2.46E-06,1.23E-04,2.50E-04,1.15E-06,1.05E-04,2.29E-04,6.26E-06,2.33E-04,3.30E-04,7.56E-06,3.53E-04,4.89E-04,3.59E-04,,,,,,
668(nm),,,,2.50E-06,1.15E-04,2.28E-04,6.80E-07,3.39E-05,1.38E-04,6.99E-07,5.38E-05,1.73E-04,2.39E-06,1.20E-04,2.44E-04,1.11E-06,1.01E-04,2.23E-04,6.11E-06,2.28E-04,3.24E-04,7.39E-06,3.45E-04,4.78E-04,3.52E-04,,,,,,
669(nm),,,,2.44E-06,1.13E-04,2.23E-04,6.57E-07,3.33E-05,1.35E-04,6.84E-07,5.26E-05,1.69E-04,2.34E-06,1.17E-04,2.37E-04,1.07E-06,1.01E-04,2.18E-04,5.95E-06,2.23E-04,3.16E-04,7.23E-06,3.37E-04,4.65E-04,3.42E-04,,,,,,
670(nm),,,,2.38E-06,1.10E-04,2.17E-04,6.44E-07,3.27E-05,1.31E-04,6.70E-07,5.17E-05,1.64E-04,2.28E-06,1.14E-04,2.33E-04,1.05E-06,9.75E-05,2.13E-04,5.81E-06,2.18E-04,3.07E-04,7.04E-06,3.29E-04,4.54E-04,3.32E-04,,,,,,
671(nm),,,,2.33E-06,1.07E-04,2.12E-04,6.33E-07,3.18E-05,1.29E-04,6.55E-07,5.02E-05,1.61E-04,2.23E-06,1.12E-04,2.28E-04,1.02E-06,9.51E-05,2.09E-04,5.64E-06,2.14E-04,2.99E-04,6.85E-06,3.21E-04,4.44E-04,3.26E-04,,,,,,
672(nm),,,,2.28E-06,1.05E-04,2.07E-04,6.17E-07,3.12E-05,1.26E-04,6.41E-07,4.91E-05,1.57E-04,2.17E-06,1.09E-04,2.21E-04,1.02E-06,9.26E-05,2.03E-04,5.52E-06,2.07E-04,2.92E-04,6.69E-06,3.13E-04,4.32E-04,3.17E-04,,,,,,
673(nm),,,,2.20E-06,1.02E-04,2.01E-04,6.07E-07,3.03E-05,1.23E-04,6.22E-07,4.81E-05,1.53E-04,2.12E-06,1.06E-04,2.16E-04,9.82E-07,9.00E-05,1.98E-04,5.40E-06,2.03E-04,2.85E-04,6.53E-06,3.06E-04,4.21E-04,3.11E-04,,,,,,
674(nm),,,,2.15E-06,1.00E-04,1.96E-04,5.90E-07,2.97E-05,1.20E-04,6.08E-07,4.68E-05,1.49E-04,2.08E-06,1.04E-04,2.11E-04,9.65E-07,8.94E-05,1.94E-04,5.24E-06,1.97E-04,2.80E-04,6.39E-06,2.99E-04,4.12E-04,3.04E-04,,,,,,
675(nm),,,,2.11E-06,9.76E-05,1.92E-04,5.79E-07,2.90E-05,1.17E-04,5.93E-07,4.58E-05,1.46E-04,2.03E-06,1.01E-04,2.06E-04,9.52E-07,8.69E-05,1.89E-04,5.14E-06,1.93E-04,2.73E-04,6.23E-06,2.92E-04,4.03E-04,2.96E-04,,,,,,
676(nm),,,,2.06E-06,9.51E-05,1.88E-04,5.65E-07,2.84E-05,1.14E-04,5.85E-07,4.50E-05,1.42E-04,1.98E-06,9.90E-05,2.01E-04,9.42E-07,8.50E-05,1.85E-04,5.01E-06,1.88E-04,2.66E-04,6.08E-06,2.85E-04,3.93E-04,2.89E-04,,,,,,
677(nm),,,,2.02E-06,9.26E-05,1.83E-04,5.51E-07,2.79E-05,1.12E-04,5.74E-07,4.37E-05,1.39E-04,1.94E-06,9.69E-05,1.97E-04,9.20E-07,8.27E-05,1.80E-04,4.91E-06,1.83E-04,2.58E-04,5.93E-06,2.77E-04,3.83E-04,2.82E-04,,,,,,
678(nm),,,,1.98E-06,9.10E-05,1.79E-04,5.39E-07,2.69E-05,1.09E-04,5.53E-07,4.27E-05,1.36E-04,1.89E-06,9.46E-05,1.92E-04,9.07E-07,8.03E-05,1.75E-04,4.78E-06,1.79E-04,2.54E-04,5.80E-06,2.71E-04,3.74E-04,2.76E-04,,,,,,
679(nm),,,,1.92E-06,8.88E-05,1.75E-04,5.28E-07,2.62E-05,1.06E-04,5.41E-07,4.18E-05,1.34E-04,1.85E-06,9.19E-05,1.87E-04,8.62E-07,7.85E-05,1.71E-04,4.69E-06,1.75E-04,2.47E-04,5.66E-06,2.64E-04,3.66E-04,2.68E-04,,,,,,
680(nm),,,,1.88E-06,8.70E-05,1.71E-04,5.21E-07,2.59E-05,1.04E-04,5.44E-07,4.09E-05,1.28E-04,1.80E-06,9.00E-05,1.83E-04,8.77E-07,7.70E-05,1.68E-04,4.59E-06,1.71E-04,2.42E-04,5.54E-06,2.59E-04,3.58E-04,2.64E-04,,,,,,
681(nm),,,,1.84E-06,8.47E-05,1.67E-04,5.09E-07,2.53E-05,1.01E-04,5.18E-07,3.94E-05,1.26E-04,1.77E-06,8.81E-05,1.79E-04,8.23E-07,7.55E-05,1.64E-04,4.47E-06,1.65E-04,2.35E-04,5.40E-06,2.52E-04,3.47E-04,2.58E-04,,,,,,
682(nm),,,,1.80E-06,8.23E-05,1.63E-04,4.98E-07,2.49E-05,9.95E-05,5.13E-07,3.89E-05,1.23E-04,1.73E-06,8.62E-05,1.74E-04,8.29E-07,7.39E-05,1.59E-04,4.34E-06,1.64E-04,2.31E-04,5.28E-06,2.46E-04,3.39E-04,2.51E-04,,,,,,
683(nm),,,,1.76E-06,8.07E-05,1.60E-04,4.90E-07,2.43E-05,9.68E-05,5.08E-07,3.81E-05,1.21E-04,1.69E-06,8.41E-05,1.70E-04,8.01E-07,7.26E-05,1.56E-04,4.23E-06,1.59E-04,2.25E-04,5.13E-06,2.40E-04,3.31E-04,2.44E-04,,,,,,
684(nm),,,,1.71E-06,7.89E-05,1.55E-04,4.78E-07,2.36E-05,9.47E-05,4.99E-07,3.73E-05,1.18E-04,1.65E-06,8.20E-05,1.66E-04,7.92E-07,7.06E-05,1.52E-04,4.17E-06,1.54E-04,2.20E-04,5.00E-06,2.33E-04,3.23E-04,2.39E-04,,,,,,
685(nm),,,,1.67E-06,7.70E-05,1.51E-04,4.66E-07,2.30E-05,9.27E-05,4.89E-07,3.63E-05,1.16E-04,1.61E-06,7.96E-05,1.62E-04,7.67E-07,6.89E-05,1.50E-04,4.06E-06,1.51E-04,2.15E-04,4.88E-06,2.27E-04,3.15E-04,2.34E-04,,,,,,
686(nm),,,,1.64E-06,7.50E-05,1.48E-04,4.55E-07,2.27E-05,9.03E-05,4.78E-07,3.55E-05,1.12E-04,1.56E-06,7.76E-05,1.58E-04,7.45E-07,6.70E-05,1.47E-04,3.93E-06,1.47E-04,2.09E-04,4.78E-06,2.22E-04,3.07E-04,2.28E-04,,,,,,
687(nm),,,,1.59E-06,7.28E-05,1.44E-04,4.46E-07,2.23E-05,8.81E-05,4.64E-07,3.48E-05,1.10E-04,1.53E-06,7.61E-05,1.54E-04,7.47E-07,6.63E-05,1.42E-04,3.84E-06,1.42E-04,2.04E-04,4.64E-06,2.16E-04,2.99E-04,2.21E-04,,,,,,
688(nm),,,,1.56E-06,7.17E-05,1.40E-04,4.39E-07,2.19E-05,8.58E-05,4.60E-07,3.38E-05,1.06E-04,1.50E-06,7.40E-05,1.50E-04,7.38E-07,6.38E-05,1.38E-04,3.77E-06,1.41E-04,2.00E-04,4.53E-06,2.11E-04,2.93E-04,2.16E-04,,,,,,
689(nm),,,,1.54E-06,7.02E-05,1.39E-04,4.33E-07,2.15E-05,8.49E-05,4.54E-07,3.35E-05,1.05E-04,1.47E-06,7.30E-05,1.48E-04,7.27E-07,6.21E-05,1.37E-04,3.71E-06,1.38E-04,1.96E-04,4.45E-06,2.07E-04,2.87E-04,2.13E-04,,,,,,
690(nm),,,,1.52E-06,6.98E-05,1.38E-04,4.37E-07,2.13E-05,8.45E-05,4.53E-07,3.36E-05,1.06E-04,1.46E-06,7.28E-05,1.47E-04,7.22E-07,6.26E-05,1.35E-04,3.68E-06,1.37E-04,1.95E-04,4.44E-06,2.06E-04,2.85E-04,2.12E-04,,,,,,
691(nm),,,,1.54E-06,7.01E-05,1.38E-04,4.41E-07,2.15E-05,8.47E-05,4.58E-07,3.32E-05,1.05E-04,1.47E-06,7.29E-05,1.47E-04,7.26E-07,6.26E-05,1.36E-04,3.71E-06,1.37E-04,1.95E-04,4.43E-06,2.06E-04,2.85E-04,2.13E-04,,,,,,
692(nm),,,,1.54E-06,7.04E-05,1.39E-04,4.44E-07,2.17E-05,8.56E-05,4.64E-07,3.37E-05,1.06E-04,1.48E-06,7.32E-05,1.48E-04,7.43E-07,6.27E-05,1.36E-04,3.69E-06,1.38E-04,1.96E-04,4.46E-06,2.07E-04,2.87E-04,2.14E-04,,,,,,
693(nm),,,,1.53E-06,7.05E-05,1.39E-04,4.47E-07,2.18E-05,8.59E-05,4.76E-07,3.37E-05,1.06E-04,1.48E-06,7.34E-05,1.48E-04,7.30E-07,6.24E-05,1.37E-04,3.69E-06,1.38E-04,1.96E-04,4.45E-06,2.07E-04,2.87E-04,2.13E-04,,,,,,
694(nm),,,,1.53E-06,7.01E-05,1.37E-04,4.43E-07,2.16E-05,8.46E-05,4.72E-07,3.33E-05,1.04E-04,1.47E-06,7.21E-05,1.46E-04,7.13E-07,6.18E-05,1.36E-04,3.65E-06,1.36E-04,1.93E-04,4.39E-06,2.05E-04,2.83E-04,2.11E-04,,,,,,
695(nm),,,,1.49E-06,6.84E-05,1.34E-04,4.44E-07,2.10E-05,8.22E-05,4.52E-07,3.20E-05,1.02E-04,1.43E-06,7.05E-05,1.44E-04,6.97E-07,6.11E-05,1.32E-04,3.55E-06,1.32E-04,1.88E-04,4.27E-06,1.99E-04,2.77E-04,2.05E-04,,,,,,
696(nm),,,,1.45E-06,6.57E-05,1.29E-04,4.35E-07,2.04E-05,7.93E-05,4.37E-07,3.12E-05,9.80E-05,1.38E-06,6.75E-05,1.36E-04,6.88E-07,5.73E-05,1.26E-04,3.42E-06,1.27E-04,1.82E-04,4.10E-06,1.90E-04,2.64E-04,1.97E-04,,,,,,
697(nm),,,,1.37E-06,6.16E-05,1.22E-04,4.21E-07,1.93E-05,7.53E-05,4.40E-07,2.98E-05,9.35E-05,1.31E-06,6.39E-05,1.30E-04,6.49E-07,5.55E-05,1.20E-04,3.23E-06,1.20E-04,1.72E-04,3.89E-06,1.80E-04,2.49E-04,1.87E-04,,,,,,
698(nm),,,,1.32E-06,5.81E-05,1.16E-04,4.02E-07,1.84E-05,7.10E-05,4.28E-07,2.84E-05,8.70E-05,1.24E-06,6.01E-05,1.22E-04,6.46E-07,5.23E-05,1.15E-04,3.06E-06,1.13E-04,1.61E-04,3.67E-06,1.70E-04,2.35E-04,1.76E-04,,,,,,
699(nm),,,,1.25E-06,5.59E-05,1.10E-04,3.93E-07,1.74E-05,6.78E-05,4.06E-07,2.66E-05,8.37E-05,1.20E-06,5.75E-05,1.16E-04,6.26E-07,4.95E-05,1.08E-04,2.88E-06,1.07E-04,1.53E-04,3.49E-06,1.61E-04,2.24E-04,1.68E-04,,,,,,
700(nm),,,,1.20E-06,5.34E-05,1.04E-04,3.86E-07,1.69E-05,6.51E-05,3.95E-07,2.58E-05,8.00E-05,1.16E-06,5.49E-05,1.12E-04,6.15E-07,4.75E-05,1.03E-04,2.78E-06,1.03E-04,1.47E-04,3.34E-06,1.54E-04,2.14E-04,1.61E-04,,,,,,
701(nm),,,,1.16E-06,5.16E-05,1.00E-04,3.81E-07,1.65E-05,6.30E-05,3.96E-07,2.52E-05,7.78E-05,1.12E-06,5.31E-05,1.08E-04,6.03E-07,4.60E-05,1.01E-04,2.72E-06,9.95E-05,1.42E-04,3.24E-06,1.49E-04,2.07E-04,1.55E-04,,,,,,
702(nm),,,,1.15E-06,5.01E-05,9.77E-05,3.77E-07,1.62E-05,6.12E-05,3.99E-07,2.44E-05,7.58E-05,1.09E-06,5.15E-05,1.05E-04,5.98E-07,4.46E-05,9.76E-05,2.64E-06,9.71E-05,1.38E-04,3.16E-06,1.45E-04,2.01E-04,1.52E-04,,,,,,
703(nm),,,,1.12E-06,4.91E-05,9.54E-05,3.78E-07,1.57E-05,5.97E-05,4.02E-07,2.43E-05,7.34E-05,1.07E-06,5.02E-05,1.03E-04,5.93E-07,4.42E-05,9.54E-05,2.57E-06,9.45E-05,1.33E-04,3.09E-06,1.40E-04,1.95E-04,1.48E-04,,,,,,
704(nm),,,,1.10E-06,4.74E-05,9.37E-05,3.74E-07,1.56E-05,5.87E-05,3.95E-07,2.39E-05,7.16E-05,1.06E-06,4.89E-05,9.96E-05,5.87E-07,4.35E-05,9.24E-05,2.51E-06,9.17E-05,1.31E-04,3.00E-06,1.36E-04,1.90E-04,1.43E-04,,,,,,
705(nm),,,,1.09E-06,4.65E-05,9.09E-05,3.74E-07,1.52E-05,5.70E-05,3.88E-07,2.29E-05,7.04E-05,1.04E-06,4.80E-05,9.75E-05,5.79E-07,4.21E-05,9.04E-05,2.49E-06,8.87E-05,1.28E-04,2.93E-06,1.33E-04,1.87E-04,1.40E-04,,,,,,
706(nm),,,,1.08E-06,4.53E-05,8.87E-05,3.77E-07,1.50E-05,5.60E-05,3.89E-07,2.28E-05,6.86E-05,1.02E-06,4.67E-05,9.44E-05,5.74E-07,4.03E-05,8.88E-05,2.40E-06,8.65E-05,1.25E-04,2.87E-06,1.30E-04,1.81E-04,1.37E-04,,,,,,
707(nm),,,,1.05E-06,4.41E-05,8.69E-05,3.81E-07,1.44E-05,5.50E-05,3.95E-07,2.23E-05,6.81E-05,1.00E-06,4.57E-05,9.29E-05,5.66E-07,4.03E-05,8.63E-05,2.35E-06,8.49E-05,1.21E-04,2.79E-06,1.26E-04,1.75E-04,1.34E-04,,,,,,
708(nm),,,,1.05E-06,4.29E-05,8.44E-05,3.84E-07,1.43E-05,5.37E-05,3.94E-07,2.14E-05,6.56E-05,9.87E-07,4.40E-05,9.01E-05,5.60E-07,3.88E-05,8.27E-05,2.28E-06,8.21E-05,1.19E-04,2.73E-06,1.22E-04,1.70E-04,1.29E-04,,,,,,
709(nm),,,,1.02E-06,4.16E-05,8.22E-05,3.83E-07,1.41E-05,5.25E-05,4.04E-07,2.07E-05,6.39E-05,9.65E-07,4.32E-05,8.76E-05,5.80E-07,3.78E-05,8.18E-05,2.24E-06,8.09E-05,1.15E-04,2.66E-06,1.19E-04,1.65E-04,1.25E-04,,,,,,
710(nm),,,,1.01E-06,4.03E-05,7.95E-05,3.86E-07,1.38E-05,5.08E-05,4.02E-07,2.04E-05,6.13E-05,9.52E-07,4.22E-05,8.52E-05,5.86E-07,3.63E-05,7.94E-05,2.19E-06,7.80E-05,1.11E-04,2.58E-06,1.15E-04,1.60E-04,1.22E-04,,,,,,
711(nm),,,,9.85E-07,3.89E-05,7.70E-05,3.89E-07,1.34E-05,4.92E-05,4.01E-07,1.99E-05,5.89E-05,9.43E-07,4.06E-05,8.24E-05,5.67E-07,3.53E-05,7.80E-05,2.13E-06,7.45E-05,1.07E-04,2.51E-06,1.11E-04,1.55E-04,1.18E-04,,,,,,
712(nm),,,,9.68E-07,3.77E-05,7.47E-05,3.95E-07,1.29E-05,4.76E-05,4.01E-07,1.92E-05,5.76E-05,9.35E-07,3.93E-05,7.99E-05,5.91E-07,3.44E-05,7.52E-05,2.07E-06,7.23E-05,1.04E-04,2.45E-06,1.08E-04,1.51E-04,1.15E-04,,,,,,
713(nm),,,,9.55E-07,3.69E-05,7.26E-05,3.97E-07,1.27E-05,4.61E-05,4.10E-07,1.87E-05,5.63E-05,9.15E-07,3.80E-05,7.72E-05,5.85E-07,3.40E-05,7.17E-05,2.02E-06,7.00E-05,1.01E-04,2.39E-06,1.04E-04,1.46E-04,1.12E-04,,,,,,
714(nm),,,,9.42E-07,3.56E-05,7.02E-05,4.10E-07,1.22E-05,4.48E-05,4.25E-07,1.80E-05,5.39E-05,8.99E-07,3.68E-05,7.41E-05,5.86E-07,3.30E-05,7.04E-05,1.99E-06,6.78E-05,9.80E-05,2.32E-06,1.01E-04,1.40E-04,1.08E-04,,,,,,
715(nm),,,,9.33E-07,3.45E-05,6.75E-05,4.20E-07,1.19E-05,4.33E-05,4.33E-07,1.76E-05,5.24E-05,8.91E-07,3.57E-05,7.19E-05,6.00E-07,3.19E-05,6.75E-05,1.94E-06,6.53E-05,9.40E-05,2.26E-06,9.69E-05,1.36E-04,1.05E-04,,,,,,
716(nm),,,,9.22E-07,3.34E-05,6.52E-05,4.19E-07,1.16E-05,4.16E-05,4.36E-07,1.72E-05,5.06E-05,8.78E-07,3.44E-05,6.93E-05,5.89E-07,3.04E-05,6.52E-05,1.88E-06,6.29E-05,9.10E-05,2.21E-06,9.33E-05,1.31E-04,1.01E-04,,,,,,
717(nm),,,,9.15E-07,3.21E-05,6.17E-05,4.30E-07,1.14E-05,4.00E-05,4.46E-07,1.68E-05,4.87E-05,8.70E-07,3.30E-05,6.76E-05,6.00E-07,2.94E-05,6.26E-05,1.82E-06,6.12E-05,8.77E-05,2.13E-06,9.00E-05,1.26E-04,9.70E-05,,,,,,
718(nm),,,,9.10E-07,3.06E-05,6.02E-05,4.38E-07,1.09E-05,3.85E-05,4.56E-07,1.61E-05,4.67E-05,8.65E-07,3.18E-05,6.47E-05,6.17E-07,2.80E-05,6.04E-05,1.78E-06,5.86E-05,8.30E-05,2.08E-06,8.63E-05,1.20E-04,9.21E-05,,,,,,
719(nm),,,,8.97E-07,2.96E-05,5.73E-05,4.51E-07,1.04E-05,3.69E-05,4.61E-07,1.53E-05,4.51E-05,8.60E-07,3.04E-05,6.22E-05,5.98E-07,2.67E-05,5.78E-05,1.76E-06,5.58E-05,7.98E-05,2.01E-06,8.22E-05,1.16E-04,9.01E-05,,,,,,
720(nm),,,,8.92E-07,2.85E-05,5.49E-05,4.67E-07,9.91E-06,3.57E-05,4.70E-07,1.51E-05,4.36E-05,8.49E-07,2.92E-05,5.90E-05,6.11E-07,2.62E-05,5.56E-05,1.67E-06,5.42E-05,7.74E-05,1.95E-06,7.95E-05,1.10E-04,8.46E-05,,,,,,
721(nm),,,,8.78E-07,2.72E-05,5.26E-05,4.69E-07,9.59E-06,3.42E-05,4.80E-07,1.41E-05,4.13E-05,8.47E-07,2.79E-05,5.64E-05,6.24E-07,2.57E-05,5.35E-05,1.62E-06,5.16E-05,7.39E-05,1.91E-06,7.59E-05,1.06E-04,8.23E-05,,,,,,
722(nm),,,,8.67E-07,2.63E-05,5.11E-05,4.84E-07,9.27E-06,3.31E-05,4.91E-07,1.38E-05,3.99E-05,8.35E-07,2.70E-05,5.42E-05,6.15E-07,2.41E-05,5.14E-05,1.58E-06,4.95E-05,6.99E-05,1.84E-06,7.20E-05,1.01E-04,7.77E-05,,,,,,
723(nm),,,,8.61E-07,2.50E-05,4.85E-05,4.94E-07,9.00E-06,3.17E-05,5.16E-07,1.32E-05,3.87E-05,8.35E-07,2.58E-05,5.18E-05,5.99E-07,2.32E-05,4.90E-05,1.56E-06,4.69E-05,6.76E-05,1.80E-06,6.90E-05,9.64E-05,7.48E-05,,,,,,
724(nm),,,,8.66E-07,2.38E-05,4.60E-05,5.08E-07,8.71E-06,3.02E-05,5.33E-07,1.26E-05,3.74E-05,8.43E-07,2.45E-05,4.97E-05,6.57E-07,2.29E-05,4.69E-05,1.54E-06,4.51E-05,6.44E-05,1.75E-06,6.60E-05,9.27E-05,7.18E-05,,,,,,
725(nm),,,,8.75E-07,2.30E-05,4.48E-05,5.31E-07,8.48E-06,2.86E-05,5.43E-07,1.22E-05,3.61E-05,8.42E-07,2.35E-05,4.75E-05,6.75E-07,2.22E-05,4.47E-05,1.49E-06,4.32E-05,6.18E-05,1.71E-06,6.29E-05,8.91E-05,6.86E-05,,,,,,
726(nm),,,,8.75E-07,2.22E-05,4.27E-05,5.58E-07,8.19E-06,2.78E-05,5.72E-07,1.20E-05,3.39E-05,8.51E-07,2.26E-05,4.55E-05,7.05E-07,2.13E-05,4.31E-05,1.47E-06,4.10E-05,5.95E-05,1.68E-06,6.01E-05,8.53E-05,6.65E-05,,,,,,
727(nm),,,,8.89E-07,2.14E-05,4.13E-05,5.84E-07,7.88E-06,2.74E-05,5.96E-07,1.14E-05,3.25E-05,8.61E-07,2.19E-05,4.40E-05,7.22E-07,2.01E-05,4.25E-05,1.49E-06,3.96E-05,5.71E-05,1.67E-06,5.82E-05,8.22E-05,6.36E-05,,,,,,
728(nm),,,,9.02E-07,2.07E-05,3.95E-05,6.02E-07,7.69E-06,2.62E-05,6.16E-07,1.12E-05,3.18E-05,8.82E-07,2.10E-05,4.22E-05,7.56E-07,1.98E-05,4.03E-05,1.47E-06,3.89E-05,5.53E-05,1.65E-06,5.62E-05,7.87E-05,6.11E-05,,,,,,
729(nm),,,,9.29E-07,1.98E-05,3.84E-05,6.35E-07,7.50E-06,2.52E-05,6.51E-07,1.09E-05,3.04E-05,9.02E-07,2.01E-05,4.07E-05,7.74E-07,1.94E-05,3.87E-05,1.48E-06,3.67E-05,5.26E-05,1.64E-06,5.40E-05,7.65E-05,5.95E-05,,,,,,
730(nm),,,,9.51E-07,1.91E-05,3.79E-05,6.75E-07,7.23E-06,2.49E-05,6.93E-07,1.06E-05,2.98E-05,9.25E-07,1.96E-05,3.95E-05,7.81E-07,1.85E-05,3.81E-05,1.48E-06,3.63E-05,5.15E-05,1.63E-06,5.21E-05,7.38E-05,5.72E-05,,,,,,
731(nm),,,,9.88E-07,1.90E-05,3.54E-05,7.20E-07,7.08E-06,2.40E-05,7.17E-07,1.04E-05,2.91E-05,9.57E-07,1.91E-05,3.74E-05,8.19E-07,1.79E-05,3.71E-05,1.48E-06,3.48E-05,4.99E-05,1.63E-06,5.04E-05,7.16E-05,5.62E-05,,,,,,
732(nm),,,,1.03E-06,1.82E-05,3.57E-05,7.57E-07,6.96E-06,2.30E-05,7.59E-07,1.05E-05,2.87E-05,9.95E-07,1.88E-05,3.78E-05,8.87E-07,1.92E-05,3.72E-05,1.54E-06,3.39E-05,4.88E-05,1.65E-06,4.93E-05,6.91E-05,5.43E-05,,,,,,
733(nm),,,,1.06E-06,1.80E-05,3.48E-05,7.97E-07,7.06E-06,2.31E-05,8.13E-07,1.03E-05,2.77E-05,1.03E-06,1.81E-05,3.60E-05,9.51E-07,1.73E-05,3.55E-05,1.51E-06,3.35E-05,4.78E-05,1.67E-06,4.81E-05,6.63E-05,5.43E-05,,,,,,
734(nm),,,,1.11E-06,1.78E-05,3.43E-05,8.56E-07,6.87E-06,2.23E-05,8.92E-07,1.01E-05,2.65E-05,1.08E-06,1.79E-05,3.57E-05,9.80E-07,1.69E-05,3.53E-05,1.60E-06,3.23E-05,4.72E-05,1.71E-06,4.66E-05,6.65E-05,5.24E-05,,,,,,
735(nm),,,,1.16E-06,1.73E-05,3.38E-05,9.21E-07,6.79E-06,2.21E-05,9.33E-07,9.85E-06,2.66E-05,1.14E-06,1.77E-05,3.49E-05,1.03E-06,1.64E-05,3.37E-05,1.63E-06,3.23E-05,4.59E-05,1.76E-06,4.57E-05,6.43E-05,5.07E-05,,,,,,
736(nm),,,,1.21E-06,1.64E-05,3.11E-05,9.76E-07,6.00E-06,2.03E-05,9.84E-07,9.10E-06,2.49E-05,1.19E-06,1.69E-05,3.33E-05,1.08E-06,1.51E-05,3.23E-05,1.66E-06,3.06E-05,4.28E-05,1.79E-06,4.44E-05,6.25E-05,4.85E-05,,,,,,
737(nm),,,,1.28E-06,1.62E-05,3.09E-05,1.05E-06,6.09E-06,2.00E-05,1.05E-06,9.33E-06,2.46E-05,1.25E-06,1.66E-05,3.31E-05,1.16E-06,1.50E-05,3.07E-05,1.72E-06,3.04E-05,4.23E-05,1.86E-06,4.43E-05,6.18E-05,4.68E-05,,,,,,
738(nm),,,,1.36E-06,1.60E-05,3.05E-05,1.12E-06,6.27E-06,2.02E-05,1.14E-06,9.14E-06,2.48E-05,1.34E-06,1.65E-05,3.26E-05,1.25E-06,1.57E-05,3.09E-05,1.80E-06,3.01E-05,4.26E-05,1.92E-06,4.36E-05,6.01E-05,4.62E-05,,,,,,
739(nm),,,,1.45E-06,1.60E-05,3.06E-05,1.21E-06,6.38E-06,2.05E-05,1.23E-06,9.21E-06,2.47E-05,1.42E-06,1.63E-05,3.24E-05,1.38E-06,1.62E-05,3.08E-05,1.87E-06,2.95E-05,4.26E-05,1.99E-06,4.25E-05,5.92E-05,4.65E-05,,,,,,
740(nm),,,,1.57E-06,1.60E-05,3.05E-05,1.32E-06,6.57E-06,2.01E-05,1.34E-06,9.23E-06,2.51E-05,1.49E-06,1.64E-05,3.26E-05,1.50E-06,1.63E-05,3.03E-05,1.98E-06,2.92E-05,4.21E-05,2.08E-06,4.24E-05,5.97E-05,4.63E-05,,,,,,
741(nm),,,,1.69E-06,1.61E-05,3.11E-05,1.43E-06,6.58E-06,2.01E-05,1.44E-06,9.61E-06,2.53E-05,1.60E-06,1.66E-05,3.27E-05,1.57E-06,1.65E-05,2.99E-05,2.07E-06,2.98E-05,4.21E-05,2.18E-06,4.21E-05,5.89E-05,4.50E-05,,,,,,
742(nm),,,,1.78E-06,1.60E-05,3.01E-05,1.55E-06,6.82E-06,2.05E-05,1.56E-06,9.64E-06,2.50E-05,1.73E-06,1.64E-05,3.22E-05,1.68E-06,1.64E-05,3.11E-05,2.15E-06,3.01E-05,4.23E-05,2.28E-06,4.19E-05,5.84E-05,4.61E-05,,,,,,
743(nm),,,,1.89E-06,1.64E-05,3.03E-05,1.68E-06,7.05E-06,2.00E-05,1.71E-06,9.61E-06,2.45E-05,1.87E-06,1.63E-05,3.14E-05,1.84E-06,1.65E-05,3.23E-05,2.31E-06,2.97E-05,4.12E-05,2.42E-06,4.14E-05,5.77E-05,4.56E-05,,,,,,
744(nm),,,,2.05E-06,1.64E-05,3.10E-05,1.83E-06,7.10E-06,2.01E-05,1.85E-06,9.82E-06,2.51E-05,2.03E-06,1.63E-05,3.15E-05,1.97E-06,1.60E-05,3.22E-05,2.46E-06,2.92E-05,4.18E-05,2.54E-06,4.12E-05,5.82E-05,4.62E-05,,,,,,
745(nm),,,,2.21E-06,1.65E-05,3.07E-05,1.99E-06,7.57E-06,2.10E-05,2.04E-06,9.94E-06,2.44E-05,2.18E-06,1.66E-05,3.24E-05,2.12E-06,1.71E-05,3.16E-05,2.63E-06,2.93E-05,4.10E-05,2.71E-06,4.08E-05,5.86E-05,4.56E-05,,,,,,
746(nm),,,,2.40E-06,1.66E-05,3.04E-05,2.17E-06,7.48E-06,2.07E-05,2.17E-06,1.02E-05,2.50E-05,2.35E-06,1.67E-05,3.20E-05,2.24E-06,1.69E-05,3.05E-05,2.81E-06,2.85E-05,4.18E-05,2.85E-06,4.04E-05,5.71E-05,4.70E-05,,,,,,
747(nm),,,,2.58E-06,1.67E-05,3.11E-05,2.31E-06,7.55E-06,2.11E-05,2.36E-06,1.05E-05,2.48E-05,2.54E-06,1.67E-05,3.18E-05,2.50E-06,1.58E-05,3.25E-05,2.97E-06,2.91E-05,4.12E-05,3.06E-06,4.04E-05,5.70E-05,4.42E-05,,,,,,
748(nm),,,,2.77E-06,1.67E-05,3.06E-05,2.55E-06,7.76E-06,2.07E-05,2.56E-06,1.08E-05,2.53E-05,2.74E-06,1.68E-05,3.24E-05,2.69E-06,1.70E-05,3.12E-05,3.14E-06,2.91E-05,4.14E-05,3.24E-06,4.07E-05,5.70E-05,4.54E-05,,,,,,
749(nm),,,,3.00E-06,1.70E-05,3.06E-05,2.77E-06,7.95E-06,2.12E-05,2.79E-06,1.13E-05,2.62E-05,2.96E-06,1.69E-05,3.27E-05,2.96E-06,1.73E-05,3.27E-05,3.35E-06,2.96E-05,4.15E-05,3.44E-06,4.05E-05,5.63E-05,4.54E-05,,,,,,
750(nm),,,,3.22E-06,1.69E-05,2.99E-05,3.00E-06,8.21E-06,2.16E-05,3.02E-06,1.12E-05,2.57E-05,3.18E-06,1.70E-05,3.17E-05,3.17E-06,1.70E-05,3.08E-05,3.58E-06,2.94E-05,4.12E-05,3.68E-06,4.02E-05,5.54E-05,4.56E-05,,,,,,
751(nm),,,,3.45E-06,1.70E-05,3.03E-05,3.25E-06,8.55E-06,2.17E-05,3.27E-06,1.09E-05,2.54E-05,3.43E-06,1.73E-05,3.17E-05,3.43E-06,1.77E-05,3.24E-05,3.82E-06,3.00E-05,4.09E-05,3.92E-06,3.99E-05,5.53E-05,4.53E-05,,,,,,
752(nm),,,,3.71E-06,1.72E-05,3.06E-05,3.52E-06,8.83E-06,2.14E-05,3.52E-06,1.18E-05,2.55E-05,3.68E-06,1.76E-05,3.18E-05,3.65E-06,1.75E-05,3.21E-05,4.08E-06,2.92E-05,4.07E-05,4.17E-06,3.93E-05,5.46E-05,4.57E-05,,,,,,
753(nm),,,,4.00E-06,1.74E-05,3.05E-05,3.79E-06,8.95E-06,2.20E-05,3.80E-06,1.20E-05,2.60E-05,3.94E-06,1.76E-05,3.20E-05,3.95E-06,1.76E-05,3.20E-05,4.36E-06,2.89E-05,4.07E-05,4.43E-06,3.95E-05,5.38E-05,4.57E-05,,,,,,
754(nm),,,,4.27E-06,1.78E-05,3.08E-05,4.06E-06,9.38E-06,2.29E-05,4.09E-06,1.23E-05,2.64E-05,4.25E-06,1.78E-05,3.25E-05,4.24E-06,1.82E-05,3.29E-05,4.61E-06,2.93E-05,4.04E-05,4.74E-06,3.93E-05,5.36E-05,4.60E-05,,,,,,
755(nm),,,,4.58E-06,1.81E-05,3.17E-05,4.34E-06,9.67E-06,2.22E-05,4.39E-06,1.28E-05,2.60E-05,4.54E-06,1.80E-05,3.21E-05,4.58E-06,1.93E-05,3.21E-05,4.96E-06,2.89E-05,4.01E-05,5.03E-06,3.88E-05,5.41E-05,4.58E-05,,,,,,
756(nm),,,,4.87E-06,1.83E-05,3.18E-05,4.65E-06,1.02E-05,2.27E-05,4.70E-06,1.30E-05,2.64E-05,4.82E-06,1.81E-05,3.13E-05,4.84E-06,1.92E-05,3.17E-05,5.22E-06,2.92E-05,4.06E-05,5.28E-06,3.84E-05,5.36E-05,4.49E-05,,,,,,
757(nm),,,,5.19E-06,1.84E-05,3.13E-05,4.99E-06,1.04E-05,2.32E-05,5.02E-06,1.31E-05,2.72E-05,5.14E-06,1.82E-05,3.14E-05,5.16E-06,1.96E-05,3.21E-05,5.54E-06,3.00E-05,4.00E-05,5.61E-06,3.83E-05,5.30E-05,4.55E-05,,,,,,
758(nm),,,,5.53E-06,1.88E-05,3.08E-05,5.28E-06,1.07E-05,2.28E-05,5.37E-06,1.38E-05,2.70E-05,5.44E-06,1.81E-05,3.15E-05,5.48E-06,1.83E-05,3.34E-05,5.84E-06,2.92E-05,4.03E-05,5.92E-06,3.74E-05,5.23E-05,4.53E-05,,,,,,
759(nm),,,,5.90E-06,1.85E-05,3.13E-05,5.62E-06,1.09E-05,2.26E-05,5.69E-06,1.43E-05,2.65E-05,5.81E-06,1.83E-05,3.18E-05,5.87E-06,1.93E-05,3.37E-05,6.24E-06,2.98E-05,3.80E-05,6.23E-06,3.74E-05,5.15E-05,4.55E-05,,,,,,
760(nm),,,,6.23E-06,1.93E-05,3.06E-05,6.01E-06,1.12E-05,2.38E-05,6.07E-06,1.46E-05,2.73E-05,6.17E-06,1.84E-05,3.28E-05,6.22E-06,2.13E-05,3.35E-05,6.59E-06,2.92E-05,4.00E-05,6.63E-06,3.68E-05,5.21E-05,4.51E-05,,,,,,
761(nm),,,,6.57E-06,1.89E-05,2.96E-05,6.37E-06,1.22E-05,2.34E-05,6.41E-06,1.45E-05,2.68E-05,6.56E-06,1.91E-05,3.27E-05,6.63E-06,2.04E-05,3.17E-05,6.90E-06,2.98E-05,3.98E-05,6.92E-06,3.67E-05,5.04E-05,4.57E-05,,,,,,
762(nm),,,,6.94E-06,1.90E-05,3.00E-05,6.78E-06,1.21E-05,2.39E-05,6.83E-06,1.49E-05,2.74E-05,6.93E-06,1.90E-05,3.17E-05,6.98E-06,2.09E-05,3.14E-05,7.28E-06,2.89E-05,3.85E-05,7.29E-06,3.66E-05,5.14E-05,4.59E-05,,,,,,
763(nm),,,,7.40E-06,1.95E-05,3.13E-05,7.18E-06,1.26E-05,2.41E-05,7.25E-06,1.52E-05,2.70E-05,7.32E-06,1.89E-05,3.18E-05,7.40E-06,2.01E-05,3.27E-05,7.70E-06,2.92E-05,3.92E-05,7.70E-06,3.66E-05,4.91E-05,4.43E-05,,,,,,
764(nm),,,,7.81E-06,2.02E-05,3.09E-05,7.61E-06,1.30E-05,2.42E-05,7.66E-06,1.55E-05,2.81E-05,7.76E-06,1.95E-05,3.18E-05,7.91E-06,2.00E-05,3.42E-05,8.17E-06,2.84E-05,4.01E-05,8.11E-06,3.59E-05,4.92E-05,4.44E-05,,,,,,
765(nm),,,,8.25E-06,1.97E-05,3.06E-05,8.06E-06,1.31E-05,2.46E-05,8.10E-06,1.62E-05,2.91E-05,8.21E-06,1.95E-05,3.27E-05,8.35E-06,2.08E-05,3.44E-05,8.53E-06,2.86E-05,3.89E-05,8.52E-06,3.59E-05,4.87E-05,4.41E-05,,,,,,
766(nm),,,,8.70E-06,2.01E-05,3.11E-05,8.48E-06,1.36E-05,2.52E-05,8.53E-06,1.69E-05,2.89E-05,8.68E-06,1.98E-05,3.29E-05,8.74E-06,2.10E-05,3.43E-05,8.94E-06,2.89E-05,3.89E-05,8.96E-06,3.53E-05,4.84E-05,4.52E-05,,,,,,
767(nm),,,,9.18E-06,2.07E-05,3.22E-05,8.97E-06,1.41E-05,2.52E-05,9.00E-06,1.77E-05,2.91E-05,9.14E-06,2.00E-05,3.26E-05,9.28E-06,2.24E-05,3.30E-05,9.45E-06,2.95E-05,3.89E-05,9.44E-06,3.54E-05,4.78E-05,4.55E-05,,,,,,
768(nm),,,,9.68E-06,2.09E-05,3.24E-05,9.47E-06,1.45E-05,2.56E-05,9.48E-06,1.81E-05,2.82E-05,9.61E-06,2.02E-05,3.20E-05,9.79E-06,2.27E-05,3.16E-05,9.92E-06,2.93E-05,3.90E-05,9.93E-06,3.49E-05,4.72E-05,4.40E-05,,,,,,
769(nm),,,,1.02E-05,2.10E-05,3.16E-05,9.96E-06,1.52E-05,2.62E-05,1.00E-05,1.83E-05,3.04E-05,1.01E-05,2.07E-05,3.26E-05,1.03E-05,2.45E-05,3.42E-05,1.04E-05,2.99E-05,3.82E-05,1.04E-05,3.53E-05,4.75E-05,4.47E-05,,,,,,
770(nm),,,,1.07E-05,2.17E-05,3.18E-05,1.05E-05,1.61E-05,2.65E-05,1.05E-05,1.88E-05,2.99E-05,1.06E-05,2.12E-05,3.30E-05,1.08E-05,2.36E-05,3.33E-05,1.09E-05,2.99E-05,3.90E-05,1.09E-05,3.47E-05,4.74E-05,4.51E-05,,,,,,
771(nm),,,,1.12E-05,2.17E-05,3.18E-05,1.10E-05,1.63E-05,2.73E-05,1.11E-05,1.85E-05,3.08E-05,1.11E-05,2.14E-05,3.29E-05,1.13E-05,2.70E-05,3.37E-05,1.16E-05,3.02E-05,3.87E-05,1.14E-05,3.44E-05,4.69E-05,4.48E-05,,,,,,
772(nm),,,,1.18E-05,2.20E-05,3.22E-05,1.16E-05,1.67E-05,2.74E-05,1.17E-05,1.93E-05,3.04E-05,1.16E-05,2.20E-05,3.35E-05,1.20E-05,2.60E-05,3.41E-05,1.19E-05,3.14E-05,3.96E-05,1.20E-05,3.45E-05,4.66E-05,4.26E-05,,,,,,
773(nm),,,,1.23E-05,2.18E-05,3.29E-05,1.22E-05,1.71E-05,2.77E-05,1.22E-05,2.05E-05,3.18E-05,1.22E-05,2.23E-05,3.40E-05,1.24E-05,2.59E-05,3.66E-05,1.26E-05,3.20E-05,4.05E-05,1.25E-05,3.49E-05,4.68E-05,4.49E-05,,,,,,
774(nm),,,,1.29E-05,2.30E-05,3.29E-05,1.27E-05,1.81E-05,2.80E-05,1.27E-05,2.06E-05,2.99E-05,1.28E-05,2.25E-05,3.41E-05,1.29E-05,2.31E-05,3.72E-05,1.31E-05,3.02E-05,4.21E-05,1.31E-05,3.46E-05,4.63E-05,4.31E-05,,,,,,
775(nm),,,,1.34E-05,2.38E-05,3.45E-05,1.32E-05,1.87E-05,2.85E-05,1.33E-05,2.10E-05,3.17E-05,1.33E-05,2.32E-05,3.46E-05,1.37E-05,2.67E-05,3.78E-05,1.38E-05,3.07E-05,4.00E-05,1.36E-05,3.46E-05,4.56E-05,4.44E-05,,,,,,
776(nm),,,,1.40E-05,2.42E-05,3.37E-05,1.38E-05,1.91E-05,2.85E-05,1.38E-05,2.15E-05,3.21E-05,1.39E-05,2.37E-05,3.45E-05,1.42E-05,2.68E-05,3.74E-05,1.43E-05,3.12E-05,3.88E-05,1.41E-05,3.45E-05,4.60E-05,4.57E-05,,,,,,
777(nm),,,,1.45E-05,2.45E-05,3.41E-05,1.43E-05,1.94E-05,2.94E-05,1.44E-05,2.23E-05,3.18E-05,1.44E-05,2.37E-05,3.44E-05,1.47E-05,2.84E-05,3.87E-05,1.47E-05,3.12E-05,4.00E-05,1.46E-05,3.46E-05,4.59E-05,4.57E-05,,,,,,
778(nm),,,,1.51E-05,2.46E-05,3.41E-05,1.49E-05,1.99E-05,3.08E-05,1.49E-05,2.39E-05,3.18E-05,1.49E-05,2.42E-05,3.51E-05,1.52E-05,2.86E-05,3.81E-05,1.53E-05,3.17E-05,4.13E-05,1.53E-05,3.46E-05,4.62E-05,4.65E-05,,,,,,
779(nm),,,,1.56E-05,2.53E-05,3.45E-05,1.54E-05,2.08E-05,3.05E-05,1.55E-05,2.46E-05,3.30E-05,1.55E-05,2.44E-05,3.51E-05,1.58E-05,2.93E-05,3.81E-05,1.59E-05,3.22E-05,4.23E-05,1.58E-05,3.47E-05,4.58E-05,4.64E-05,,,,,,
780(nm),,,,1.62E-05,2.57E-05,3.49E-05,1.60E-05,2.13E-05,3.07E-05,1.61E-05,2.47E-05,3.34E-05,1.61E-05,2.48E-05,3.64E-05,1.65E-05,3.03E-05,3.94E-05,1.65E-05,3.27E-05,4.21E-05,1.63E-05,3.47E-05,4.47E-05,4.58E-05,,,,,,